CustomerID,NameStyle,Title,FirstName,MiddleName,LastName,Suffix,CompanyName,SalesPerson,EmailAddress,Phone,PasswordHash,PasswordSalt,rowguid,ModifiedDate
2,False,Mr.,Keith,,Harris,,Progressive Sports,adventure-works\david8,keith0@adventure-works.com,170-555-0127,YPdtRdvqeAhj6wyxEsFdshBDNXxkCXn+CRgbvJItknw=,fs1ZGhY=,E552F657-A9AF-4A7D-A645-C429D6E02491,2006-08-01 00:00:00.000
5,False,Mr.,Lucy,,Harrington,,Metropolitan Sports Supply,adventure-works\shu0,lucy0@adventure-works.com,828-555-0186,KJqV15wsX3PG8TS5GSddp6LFFVdd3CoRftZM/tP0+R4=,cNFKU4w=,83905BDC-6F5E-4F71-B162-C98DA069F38A,2006-09-01 00:00:00.000
11,False,Ms.,Katherine,,Harding,,Sharp Bikes,adventure-works\josé1,katherine0@adventure-works.com,926-555-0159,uRlorVzDGNJIX9I+ehTlRK+liT4UKRgWhApJgUMC2d4=,jpHKbqE=,750F3495-59C4-48A0-80E1-E37EC60E77D9,2005-08-01 00:00:00.000
21,False,,Jinghao,,Liu,,Chic Department Stores,adventure-works\jillian0,jinghao1@adventure-works.com,928-555-0116,IaD5AeqK9mRiIrJi/etZGVO6EiybLf/oksA2CqrpoJ0=,p6pOqKc=,564E0B42-4609-43DE-9881-914DA433D82D,2006-09-01 00:00:00.000
23,False,Mr.,Kerim,,Hanif,,Bike World,adventure-works\shu0,kerim0@adventure-works.com,216-555-0122,d0WSjosAd7Y3XOWjNAkoTClCb50vwPuAawOSI1iosgs=,33g5co8=,733F8250-3251-4C2A-8C85-C285BB76B7B4,2006-09-01 00:00:00.000
24,False,Mr.,Kevin,,Liu,,Eastside Department Store,adventure-works\linda3,kevin5@adventure-works.com,926-555-0164,ylTpkIOHKLcjihNjS0j/k10eOHOsWQMNhlbuOCp+UTY=,TgZnUOg=,C111E51D-178D-4DBD-A6FF-F1CCBF4B1AAD,2006-09-01 00:00:00.000
29,False,Mr.,Bryan,,Hamilton,,Cross-Country Riding Supplies,adventure-works\josé1,bryan2@adventure-works.com,344-555-0144,ftRWIIT4oF+if+ddn1ROYXHw6PAooKFX3uALZ0uEU98=,IRNPDIw=,ECA7C8FA-490B-4B97-9C32-043C90F789E8,2005-08-01 00:00:00.000
37,False,Mr.,Jim,,Geist,,Two Bike Shops,adventure-works\pamela0,jim1@adventure-works.com,724-555-0161,cvqeC4fJcKwJ9jlluiWvK5/MyuSi8neLnjFDGdvzJy4=,ot8WcXk=,C6EBB29A-CC67-459C-90E3-339E0F912906,2006-09-01 00:00:00.000
40,False,Mr.,Darren,,Gehring,,Journey Sporting Goods,adventure-works\jillian0,darren0@adventure-works.com,417-555-0182,kqptixZ7LqTuOKcc7ylpabWrgWr5BDXa2fpkDxEwaCY=,Xe7grug=,AA5E28F6-16C8-4D80-894E-17531F2CF972,2005-08-01 00:00:00.000
42,False,Mr.,Jeremy,,Los,,Healthy Activity Store,adventure-works\linda3,jeremy0@adventure-works.com,911-555-0165,jLMkpmNutZFzWw7sSWZeqd91vtlRwaWx2Ub21mhsvlU=,JK9/WX8=,64ACD300-337D-4D39-A2C4-FD5972611934,2006-07-01 00:00:00.000
43,False,Ms.,Elsa,,Leavitt,,Frugal Bike Shop,adventure-works\shu0,elsa0@adventure-works.com,482-555-0174,BmJaM+147GrhU00kNTtaTolp0EJcarJK/SCfew4ZiYA=,YADhpPo=,9E449D3E-5D79-4F65-A4F1-10DD3B0E0766,2006-08-01 00:00:00.000
52,False,Ms.,Rebecca,,Laszlo,,Instruments and Parts Company,adventure-works\jae0,rebecca2@adventure-works.com,1 (11) 500 555-0155,ox4SPBzzVPKyCVoIcZvkdVLtnQlKoDXCciBGcqVAfrI=,n7ydrrc=,8FB34B30-B19D-4AEC-B02E-F1BE942800E5,2007-09-01 00:00:00.000
55,False,Mr.,Eric,,Lang,,Kickstands and Accessories Company,adventure-works\pamela0,eric6@adventure-works.com,932-555-0163,katp5sn21ZqJq5Z26YRBk9XXP3iFjpsX7tNPYAAxZlI=,xw9RymE=,F5D3997B-AD06-46A0-94AF-A4460F4BE471,2007-09-01 00:00:00.000
56,False,Mr.,Brian,,Groth,,Latest Accessories Sales,adventure-works\david8,brian5@adventure-works.com,461-555-0118,tbk7TwAC5jsqEhFRRIhnL9kPBoTy3XS+EjlReKVp5mw=,hpOsvJU=,570B1682-9BB1-4359-984D-8F728E3D6973,2006-08-01 00:00:00.000
58,False,Mr.,Peter,,Kurniawan,,Largest Bike Store,adventure-works\jillian0,peter4@adventure-works.com,436-555-0160,el1s9e+hWeb+79bwrhU+hxHEyJN+j6tR8vWyKJDZmTs=,QgzjTPU=,E324FEE8-1EE7-4B96-854E-CFDA7B0CBBC8,2005-11-01 00:00:00.000
59,False,Mr.,Douglas,,Groncki,,Locks Company,adventure-works\shu0,douglas2@adventure-works.com,385-555-0140,J9nhrWh6kpc/dGBkN7HRxrrbquy1Rit9UMPv9rbYjBs=,KiAAI5M=,60708606-604C-44BE-90E1-3A0925B8060E,2007-09-01 00:00:00.000
61,False,Mr.,Jeffrey,,Kurtz,,Many Bikes Store,adventure-works\shu0,jeffrey3@adventure-works.com,452-555-0179,zn3Nk0+i/zyvxFNh3OziN2Pxa3NfiIlVMJ9Ox86ytao=,5MZXwF4=,CCC53B43-66A6-47F6-A38E-5DD7CFAFEAA6,2006-09-01 00:00:00.000
64,False,Mr.,Vamsi,,Kuppa,,Metal Clearing House,adventure-works\josé1,vamsi1@adventure-works.com,290-555-0196,6p4SZnWdWPrBclHkaWFeooblNWE+Y4VJiuTM9hyonDI=,HaDRSbY=,E6B6F92D-4AC6-4BC7-BF6B-2F3C67498DE7,2007-08-01 00:00:00.000
70,False,Mr.,Deepak,,Kumar,,Outdoor Aerobic Systems Company,adventure-works\jae0,deepak0@adventure-works.com,1 (11) 500 555-0122,0d3F0pfNxXFKEufM738j3/fA0at2eUlZA8ibqRnMr7M=,6fOTb8g=,89E10B04-064E-4313-8203-91FA98A01B11,2007-08-01 00:00:00.000
75,False,Ms.,Aidan,,Delaney,,Paint Supply,adventure-works\jillian0,aidan0@adventure-works.com,358-555-0188,6lcVqEc4gGgfW6DsOks/KuDIWIP5qFsrc8sXtmcwj6E=,DKu7/UM=,55CFED0E-1A7B-409C-9AFF-297065965870,2005-09-01 00:00:00.000
77,False,Mr.,Michael,,Brundage,,Mechanical Products Ltd.,adventure-works\shu0,michael13@adventure-works.com,128-555-0148,Ioh5Ss2cXrUAI8DZcSkQ/z92aEmHE0Wxqc6MdggjJQE=,MjQeaAE=,B3F9113C-8FCE-47E1-9F04-38A0C68917C6,2006-08-01 00:00:00.000
78,False,Mr.,Stefan,,Delmarco,,Preferred Bikes,adventure-works\linda3,stefan0@adventure-works.com,819-555-0186,9rOycZRxDntXWB8Y/285x4HS6G2ATNOzhqIhF+oBGqc=,BsI2IB4=,8C8083AB-7943-44FA-B1AD-8E3ABD5D66EE,2005-08-01 00:00:00.000
79,False,Mr.,Mitch,,Kennedy,,Reasonable Bicycle Sales,adventure-works\shu0,mitch0@adventure-works.com,996-555-0192,Re4KikAJLZeLX+pM2Bw7HZNkd5Yyd/vrGB7WhjbYmCo=,lGI5cA0=,010D8AA6-CEBA-4097-9E67-3B2A9674FD5F,2006-08-01 00:00:00.000
93,False,Mr.,Prashanth,,Desai,,Stationary Bikes and Stands,adventure-works\jillian0,prashanth0@adventure-works.com,138-555-0156,AT0SeSL9gTlDL0/MHFMEy5GrEjR12DBF5ag/cyHZpJY=,l32Vf08=,249B42C2-8EAE-49F1-A560-A90837748654,2005-09-01 00:00:00.000
94,False,Mr.,Scott,,Konersmann,,Specialty Sports Store,adventure-works\jillian0,scott6@adventure-works.com,556-555-0192,2WMJfIzZjrB1xeQtjtSTUQfxxeowOV9LmAjmUkH/qP4=,A+rOrG0=,65BE08DA-DFB7-4BC8-AA5C-FAD98B82524E,2006-07-01 00:00:00.000
97,False,Mr.,Eugene,,Kogan,,Mountain Bike Center,adventure-works\shu0,eugene2@adventure-works.com,136-555-0134,Tp1Zre+rOA0pmlkyosHvuAxhbMWt7UcvCPrAYmXyI+w=,GdsdWsk=,355EB5D8-6B4C-4FFF-B12B-40F89CA4E31D,2006-08-01 00:00:00.000
102,False,Ms.,Linda,,Leste,,National Manufacturing,adventure-works\garrett1,linda7@adventure-works.com,493-555-0134,heRwLFQMae6Y0X7+Q7tLrq4gB5sXd8jC7uiIjXlEs6Y=,OHu+9rc=,959CF74B-1004-43F5-9AB7-4CDD482C847D,2005-08-01 00:00:00.000
118,False,Mr.,Yale,,Li,,Rapid Bikes,adventure-works\josé1,yale0@adventure-works.com,316-555-0138,B2RR480ridZSqURXY3APlxFk13GITW6LDFutGbpSUIs=,5MEUKYU=,5FEAFBD2-4A43-4641-8E94-B3059B2A882E,2005-09-01 00:00:00.000
120,False,Mr.,Pat,,Coleman,,Machines & Cycles Store,adventure-works\garrett1,pat2@adventure-works.com,292-555-0128,61UcbVZnGT5eqxs0oFMv4JyipeaQCUZgUZkPgtVNBDo=,7+I+4k4=,25863C18-4C9A-4BC9-BE0D-95F4CF67BF7D,2007-07-01 00:00:00.000
124,False,Ms.,Yuhong,,Li,,Nearby Sporting Goods,adventure-works\jae0,yuhong1@adventure-works.com,1 (11) 500 555-0176,XrcuygOte7eGdTleJOKDmf/XBySqc/0xVbjpIPzMWQA=,R273GbA=,2F614C31-ABAE-42D0-820B-193F0DDC811E,2006-08-01 00:00:00.000
133,False,Mr.,Michael,,Graff,,Commercial Sporting Goods,adventure-works\shu0,michael16@adventure-works.com,132-555-0150,NRM1BXnt0/4EDaPuM5qday+BOZANEisKCyGGQqJxXpY=,ewV5lII=,4F61574B-8353-42EC-825C-87896E6E16A4,2006-09-01 00:00:00.000
136,False,Mr.,Derek,,Graham,,Wholesale Parts,adventure-works\josé1,derek0@adventure-works.com,674-555-0187,FJJVccEFyVV8NubSxOFblRtnKqQD221f9AT9xxYTOUA=,8ju6sOA=,84CD4767-F142-4D9D-9033-AD3ADE34BF74,2005-08-01 00:00:00.000
138,False,Ms.,Jane,,Clayton,,South Bike Company,adventure-works\garrett1,jane1@adventure-works.com,206-555-0195,o02Imw+gyZX9J1yiTBKYD4M5XlerPqz3usX+v3CsDHA=,PZCGT2g=,91B9EF4B-2FA8-4936-AC71-1FA1B3624D12,2007-08-01 00:00:00.000
142,False,Mr.,Jon,,Grande,,Riding Cycles,adventure-works\jae0,jon1@adventure-works.com,1 (11) 500 555-0114,26rwIeR9oyfo+P6lodeASP/MAC2/tdKFbmFVC5uBRmA=,83inWt0=,B821D13F-E9DB-4A3B-87D0-7E867A161575,2007-09-01 00:00:00.000
145,False,Mr.,Ted,,Bremer,,Raw Materials Inc,adventure-works\pamela0,ted0@adventure-works.com,962-555-0166,mBQHYK00pq9+tDgH7TR6fPrrYQ2drX7/VuuHgkUSOiQ=,MxiyX14=,FEC5609D-042B-4480-B1BA-55F2D4107327,2005-08-01 00:00:00.000
146,False,Mr.,Richard,,Bready,,Latest Sports Equipment,adventure-works\david8,richard1@adventure-works.com,340-555-0131,kOabrc0OqOISR4N3D3FZkOh3yAKQCF/ozSx7G00Kpt0=,jpRF8lY=,5475E9DD-98CA-4989-B7A2-3FC929BEEA12,2005-07-01 00:00:00.000
147,False,Ms.,Alice,,Clark,,Local Hardware Factory,adventure-works\jillian0,alice1@adventure-works.com,221-555-0141,ZZhnNULC5d/7tZv0hUtCl4jKwgyZql8aSrIzlTaTvg0=,hGHOthw=,03836A0B-7AD8-4115-8D23-6EFA0D8DEEA1,2006-09-01 00:00:00.000
148,False,Mr.,Alan,,Brewer,,Lots of Bikes Storehouse,adventure-works\jillian0,alan1@adventure-works.com,494-555-0134,t9ecYoVIOcEiyXvl+noHoCymcRlJij1fzZzXfKeZ/R0=,6ZoXk8E=,79355855-A002-4393-BB6E-36F90913FA4D,2005-11-01 00:00:00.000
163,False,Mr.,Andrew,,Cencini,,Sports Merchandise,adventure-works\pamela0,andrew2@adventure-works.com,644-555-0111,Eo1pvctUvdkRpUgGHwOfILlh5uZiYuLv+eBXLj1viR8=,LCi+QgQ=,989F9F3A-7CB8-4083-8CDA-291C682BE73C,2007-09-01 00:00:00.000
165,False,Mr.,Randall,,Boseman,,Third Bike Store,adventure-works\jillian0,randall0@adventure-works.com,383-555-0117,UsXZ9ElCaZBo0YED9A2khFNGjNK+8yHdxnraI+OHsZ8=,oMeb83g=,3CDBD3EA-DA78-4F9A-8EEC-8DA4C050C817,2006-09-01 00:00:00.000
167,False,Mr.,Blaine,,Dockter,,Farthermost Bike Shop,adventure-works\shu0,blaine0@adventure-works.com,156-555-0187,9E6RJtJrsu2iqMbyKMJRaVfPipCW5XObegb3KE3K85M=,hiSI26I=,515D4A13-4E60-4D0C-8F22-BB89A9D312AD,2005-08-01 00:00:00.000
168,False,Sr.,Luis,,Bonifaz,,Economy Bikes Company,adventure-works\linda3,luis0@adventure-works.com,688-555-0113,fOnF7T/vMnI6uJzH1IxN9lcM8z31odelgSIW9Vu8sD4=,dz8Ej6A=,FCE18386-F492-4D4A-A6D2-FB7EF20C57FC,2006-09-01 00:00:00.000
169,False,Ms.,Brenda,,Diaz,,Downtown Hotel,adventure-works\shu0,brenda2@adventure-works.com,147-555-0192,84meSWqxRT9guwZSihzP3MYe7UV2VaMLBldOf8pTy5A=,lsd099Q=,2D6BBC35-BC19-4CB4-A61B-46899D3A4237,2005-09-01 00:00:00.000
172,False,Ms.,Gabriele,,Dickmann,,Certified Sports Supply,adventure-works\josé1,gabriele0@adventure-works.com,835-555-0116,6eApe0lB1ZkvyJB3Uo3LaYGV8sm2/NE9fUHXM7a0RYU=,M8SoIWU=,324C671D-DD10-4EE2-857A-767917ACC2A3,2005-09-01 00:00:00.000
178,False,Mr.,Dick,,Dievendorff,,Rampart Amusement Company,adventure-works\jae0,dick1@adventure-works.com,1 (11) 500 555-0193,dI9bbaCIElCUwy2PYLUYLNIrdM9yCcuTmHspqw8Wsxc=,FihOX8w=,05B8FB77-FC67-4279-AEBD-4162D21B9A11,2007-08-01 00:00:00.000
183,False,Mr.,Yao-Qiang,,Cheng,,This Area Sporting Goods,adventure-works\jillian0,yao-qiang0@adventure-works.com,344-555-0181,3LD/Jab7lP6gIPvK5EdTnwhHBo+dxs3y9GbIgmN6E8Q=,BG6Ps64=,B2051957-B411-44E1-BCA5-63FECB5368F2,2006-07-01 00:00:00.000
185,False,Mr.,Sandeep,,Kaliyath,,Weekend Bike Tours,adventure-works\shu0,sandeep1@adventure-works.com,495-555-0113,Rrgza3uGhmNF9StSEGpXIJ5moVVsmcjhGDjdCAPyMnc=,ekE0M9I=,5014E91D-7B0E-495A-B429-FF915BE9D2FD,2007-07-01 00:00:00.000
186,False,Mr.,Pei,,Chow,,Thrilling Bike Tours,adventure-works\linda3,pei0@adventure-works.com,789-555-0184,UVTWGfYZBU+ZmXLqhvqZFDwYXdtX14O87KHOHN36XDc=,pI/k4Qw=,48D3E26E-C051-4B24-A37F-A88F5294F25F,2007-09-01 00:00:00.000
187,False,Mr.,Frank,,Campbell,,Trailblazing Sports,adventure-works\shu0,frank4@adventure-works.com,491-555-0132,XKb/GbNNUPKesifxpBwavz3wz5Y3jbFPJgsBIVEFvO0=,/9h1e7s=,3329CE97-BB9F-4C36-9197-A6EEE803BD94,2005-09-01 00:00:00.000
190,False,Mr.,Mark,,Lee,,Racing Partners,adventure-works\josé1,mark5@adventure-works.com,371-555-0112,Lk6x4lbbepoCdlNUxLYjn6D3zCWVxEKiK2DwxCURAis=,s7z2FRc=,91154406-0118-4A11-BB1B-366EDFB5C97A,2007-09-01 00:00:00.000
192,False,Mr.,Hao,,Chen,,Nuts and Bolts Mfg.,adventure-works\garrett1,hao1@adventure-works.com,117-555-0173,iwlZhoYS98IRDbB9ps/YqC5ITCR+AZm5L+5g5nqHzE4=,okCr0j4=,84401968-8977-4380-9B4E-D5149C8126C0,2005-08-01 00:00:00.000
196,False,Ms.,Jolie,,Lenehan,,Exhibition Showroom,adventure-works\jae0,jolie0@adventure-works.com,1 (11) 500 555-0126,qUddcyDDhMORzm2Tp3YcC3vD7dXKgTEDtTorjPbhbmk=,C2IP7to=,5F0EB2D3-4691-4F71-8E9B-A3EACFA4A1D5,2007-07-01 00:00:00.000
199,False,Mr.,Roger,,Lengel,,Authorized Bike Sales and Rental,adventure-works\pamela0,roger1@adventure-works.com,947-555-0143,LoVploOms9pM4zQpIHQdGFLraQGd2ZtmlhGCKz8RxZk=,1PXmt4Y=,F0CD52D1-B838-451E-B015-5414AB7D9154,2007-08-01 00:00:00.000
203,False,Ms.,Jean,,Jordan,,Separate Parts Corporation,adventure-works\shu0,jean3@adventure-works.com,207-555-0129,Fz+NYcaaq3h6DqGHlfln+rg8Acm2x1ZGxvEayxBvctA=,RqNfsHY=,B05AAA08-ABC9-41E1-B113-65347A2EE406,2005-07-01 00:00:00.000
204,False,Mr.,Ido,,Ben-Sachar,,Traction Tire Company,adventure-works\linda3,ido0@adventure-works.com,973-555-0112,miuh5Po0s3jNnKrMwmuROEApoKFRWumb1K1EMP0hGB0=,TLqFgK0=,C807870F-FA5D-44CB-B373-47ECAC52C1D8,2005-07-01 00:00:00.000
205,False,Mr.,Frank,,Mart¡nez,,Rally Master Company Inc,adventure-works\shu0,frank5@adventure-works.com,171-555-0147,om5PZqKM1Q45cWiYPIrXl/Aae/JkbppbhDiC35ExpI8=,6YiQ2V8=,9DB0BD27-5CE6-4F6D-8C90-A85422B86060,2007-07-01 00:00:00.000
208,False,Mr.,Steve,,Masters,,Professional Cyclists,adventure-works\josé1,steve2@adventure-works.com,154-555-0115,yFi3yGOATh6SBDVcA2+76Fx57aewXlckixsLIK6rBQ8=,WWk6sxA=,6005E7A8-0101-4BE2-B8C1-F4AD936E496F,2005-08-01 00:00:00.000
210,False,Mr.,Josh,,Barnhill,,Gasless Cycle Shop,adventure-works\garrett1,josh0@adventure-works.com,584-555-0192,bskaXdzyt3OUpHetBO/IcD+SDhG5EyMDjtlYBlgd5JM=,m3KdhOo=,FF748558-EA94-4C67-A764-D1480B0F8548,2005-08-01 00:00:00.000
217,False,Mr.,Chris,,Maxwell,,City Manufacturing,adventure-works\pamela0,chris6@adventure-works.com,642-555-0187,ixajZho2s3ev/ogNQ9FUe1TyfA9yX1aEVWDOy/mdUAU=,k3iiros=,5CFC3A75-DDC6-4C65-B4C3-15BF96C92983,2006-11-01 00:00:00.000
218,False,Mr.,David,,Johnson,,Sure & Reliable Sporting Goods,adventure-works\david8,david18@adventure-works.com,476-555-0139,tw+fIchafvuaOuwyEXmlXbPr9Vt3EILylHlmwfm6Gig=,0fgKxF4=,3C098480-0D9B-409C-8156-C7610415AC5B,2005-08-01 00:00:00.000
219,False,Mr.,Brian,,Johnson,,Extras Sporting Goods,adventure-works\jillian0,brian6@adventure-works.com,320-555-0134,TGnRB6vDbV0LZss8tA9iu637/34mcJWkD0Ux4xaza/k=,2t9hMlk=,D39CCCE3-C4A6-441D-8A3C-96507627746D,2007-03-01 00:00:00.000
220,False,Mr.,Robert,,Brown,,Best o' Bikes,adventure-works\jillian0,robert5@adventure-works.com,575-555-0189,WdS3xcgtqW4nnV7dyZ17PmiMPZ5vKs5whm3ANBVQ1sQ=,mQK+bIw=,81305A48-9F6E-4415-B7AA-488BA04A8F7E,2007-07-01 00:00:00.000
222,False,Mr.,Barry,,Johnson,,Sample Bike Store,adventure-works\linda3,barry1@adventure-works.com,858-555-0140,lepgCpcuzDRNfqPaAgUacRzPVGGXHwiRm7wwJ4cNgBs=,lkPNcdI=,3DB84B19-4063-4EC2-B1B4-317DEE133A25,2005-09-01 00:00:00.000
223,False,Ms.,Joyce,,Jarvis,,Paints and Solvents Company,adventure-works\shu0,joyce0@adventure-works.com,458-555-0179,HdGP+FhhGf8dYBcwT4pIsPs6mdixGxg1UVN0kMtW2Jk=,XdEyqf4=,994837FE-10A8-47DF-B7B8-86C4E6932FD0,2007-09-01 00:00:00.000
232,False,Mr.,David,,Jaffe,,Exceptional Cycle Services,adventure-works\jae0,david17@adventure-works.com,1 (11) 500 555-0140,FGdnPYTMqac/OnHuvpZH+gBqo30RCSqFL8kFsXLMOlI=,AnSCCJw=,AA451BD5-FFC2-436C-A295-81B350A5B899,2007-07-01 00:00:00.000
235,False,Ms.,Mary,,Alexander,,Certified Bicycle Supply,adventure-works\pamela0,mary7@adventure-works.com,344-555-0133,y0iroPvPC4eEspx+3ldDYTXprGyXnnCpLGd3uXHr/+A=,F1wnUPk=,A4DF6D50-5068-4FA9-B4CA-A3195EB29BB6,2006-09-01 00:00:00.000
253,False,Mr.,Erik,,Ismert,,Roving Sports,adventure-works\pamela0,erik0@adventure-works.com,116-555-0163,qH31PnQBwyUFQKdjw4bJmkw4mcqJUwRlENuk3bHLNx4=,xAk6xGo=,E09AB347-7FB1-453F-A4BD-377E68EC8C33,2006-07-01 00:00:00.000
255,False,Mr.,Sunil,,Uppal,,Swift Cycles,adventure-works\jillian0,sunil0@adventure-works.com,184-555-0187,agm2RVYpEMjc+OpNxGG7gujHre5Wv8c+QcQgm6orG2I=,Yqlwc+g=,0A21109F-02B0-4601-B4F7-2ED62C342385,2005-08-01 00:00:00.000
257,False,Mr.,Matthias,,Berndt,,Number 1 Supply,adventure-works\shu0,matthias1@adventure-works.com,384-555-0169,PGmZaBbqtByrVs9jYLcigdjJ5O29jcKmsdbRwANU3WQ=,6Mzfp8w=,A24F5A79-DD85-4EB2-A6A2-6E7026763FF8,2006-08-01 00:00:00.000
258,False,Mr.,Sairaj,,Uddin,,Quantity Discounts,adventure-works\linda3,sairaj1@adventure-works.com,767-555-0193,S71ozp3yMBzUJk7fj4M8SRU+dElVKuXvieJDpDOvVv8=,iKVyEt4=,5549DF48-409F-4C2A-B97B-900EB598843C,2006-08-01 00:00:00.000
259,False,Mr.,Lucio,,Iallo,,Highway Bike Shop,adventure-works\shu0,lucio0@adventure-works.com,199-555-0135,YodKwREGttzzQZXSLkjMe6ipm+9hE2yzBmAYNlj3qKM=,7hC00f0=,2C3F7A56-819C-4E83-B791-3CE02366D3CF,2005-08-01 00:00:00.000
262,False,Ms.,Beth,,Inghram,,General Industries,adventure-works\josé1,beth0@adventure-works.com,718-555-0152,F+vY3tSf0ZDAiQakfFA7yxIP0M8ljrI5oYD1F1iZt4w=,H5fjp4Y=,1C783210-2B1E-46E2-A2C8-23E610FEEB3C,2006-09-01 00:00:00.000
275,False,Mr.,Chris,,Cannon,,Outdoor Sporting Goods,adventure-works\shu0,chris5@adventure-works.com,118-555-0131,RKimtgGoqQN8dj2KGy7mvo2DrpTK0yOpF9e6sgxyOTU=,LQWSses=,68DC7932-128E-47CC-80CB-CF2B1A352F3C,2007-07-01 00:00:00.000
277,False,Mr.,Guy,,Gilbert,,The Bicycle Accessories Company,adventure-works\shu0,guy0@adventure-works.com,583-555-0198,YMhZzdS3NtxXPsz/PPksfdYWIvhuoemim9KoDsx20cg=,rQoQs38=,37156292-0D92-4F6B-9014-CCB0B29E9F9A,2006-09-01 00:00:00.000
286,False,Mr.,Leo,,Giakoumakis,,Number One Bike Co.,adventure-works\jae0,leo0@adventure-works.com,1 (11) 500 555-0169,x78xcW0FvKo3V2RvMGf37bcWhb50vMZ22IuaZcu+qmM=,abrUsFg=,6266CCC4-1AF0-42E0-BCA4-B33EA6838EEE,2006-07-01 00:00:00.000
287,False,Mr.,Grant,,Culbertson,,Handy Bike Services,adventure-works\michael9,grant1@adventure-works.com,859-555-0173,nkkvhNgGMBN5JS2w3ewyvV4KCwrTMYC4+yoS/4hIUok=,fqDHYeo=,448CBBFE-EDDC-443D-B7C8-57AEAA463BE5,2005-08-01 00:00:00.000
290,False,Mr.,Scott,,Culp,,Friendly Bike Shop,adventure-works\david8,scott3@adventure-works.com,119-555-0167,Xf7AJHcry+LouddJR3dIGHjo8du8EO+214E81gPafj0=,rXx8clQ=,D0DCDE2D-8C38-48FC-9D83-5EBE8A8577AE,2006-07-01 00:00:00.000
293,False,Mr.,Conor,,Cunningham,,Fashionable Bikes and Accessories,adventure-works\shu0,conor0@adventure-works.com,115-555-0113,/yVQQacXlcqZVH6x20kKCxCJ+sP4EjmPQXwwwInfNH0=,vJ/AcXo=,B37A0D83-7ED6-4C58-A476-F59B7AE4FC85,2005-09-01 00:00:00.000
298,False,Mr.,Robert,,Mitosinka,,City Cycling,adventure-works\josé1,robert10@adventure-works.com,239-555-0198,vCVsOjGm0KyeirgUeD9DQYxoh13CXTJAA03IytWGrhs=,mQH+E8w=,16101465-48B9-4147-9C53-6610FEADF778,2007-09-01 00:00:00.000
299,False,Mr.,Thierry,,D'Hers,,Citywide Service and Repair,adventure-works\josé1,thierry1@adventure-works.com,680-555-0192,i+ukExAQLOnEpQFQLme/QYR8w6kME+/MdykXoSxwgFI=,FooiQMs=,1CEA8D76-4A20-4D76-9DA2-A3777FD7E693,2006-07-01 00:00:00.000
300,False,Mr.,Daniel,,Blanco,,Nice Bikes,adventure-works\garrett1,daniel0@adventure-works.com,221-555-0167,bnDkCXU7YCA05COiVJst0pMlaJtfAK0H8pgniBfLooM=,oOIbGSo=,7256F9B7-5253-4384-B8DE-60B6F0ADF5A6,2006-09-01 00:00:00.000
304,False,Ms.,Linda,,Mitchell,,Essential Bike Works,adventure-works\jae0,linda9@adventure-works.com,1 (11) 500 555-0182,LJhS2DW9IscOBidp+dn6JWOa8axqqpEw2XIUiUMRKVM=,hrRF3s4=,C332C909-EE43-4312-A9D8-B2365A0160EA,2007-09-01 00:00:00.000
309,False,Mr.,John,,Arthur,,The Gear Store,adventure-works\jillian0,john6@adventure-works.com,149-555-0113,AJwPH2IQhCHW77xtUnJh0G0EXqA11PsPLRRuSQK+K9U=,ZXH0EUg=,A80B5E25-5EF4-4910-B70B-B2D1F5B207C2,2005-08-01 00:00:00.000
310,False,Mr.,Frank,,Miller,,Orange Bicycle Company,adventure-works\jillian0,frank6@adventure-works.com,118-555-0184,h7ho5pw1ypORUO13IMzogsDDW1C9bUTmGWsz06Xax8E=,n/q5ims=,0D9A0E94-F5E9-4021-8E81-F7F2F18144B1,2006-08-01 00:00:00.000
311,False,Sr.,Alvaro,,De Matos Miranda Filho,,Principal Bike Company,adventure-works\shu0,alvaro0@adventure-works.com,551-555-0155,BrhebOErAX2tbZ1LZxAb8hwE96ZdIjikETxIsIKfpLw=,v5pJpw0=,F070050E-2B33-41A2-A995-D9DF09EB3AE3,2006-09-01 00:00:00.000
313,False,Mr.,Dylan,,Miller,,Metropolitan Manufacturing,adventure-works\shu0,dylan1@adventure-works.com,140-555-0192,kE/AZF2xtlVStSAI51sBwnA1CENgrWppF3qD5KxBdVE=,q1lJvKo=,2157D9A9-A284-4001-973A-27196613681A,2005-11-01 00:00:00.000
316,False,Mr.,Ben,,Miller,,Low Price Cycles,adventure-works\josé1,ben1@adventure-works.com,207-555-0167,d8+17xmtxYv0ovo+dfdJCIe7zpoChbE+X4f+gQrPU3A=,6CMCzUQ=,8C95E9D8-88D0-4E6A-8149-B4C6C79E65BD,2007-08-01 00:00:00.000
318,False,Ms.,Ann,,Beebe,,First-Rate Outlet,adventure-works\garrett1,ann0@adventure-works.com,277-555-0169,l3pyVEyTaWqsF1xRfSXtR2CgCOfOXQCSumdlzqMKLxQ=,BX3pcB8=,D241D8F1-5A7A-41B3-8723-1E2B1A9FDBF6,2005-08-01 00:00:00.000
323,False,Mr.,Jo,,Brown,,Metro Bike Works,adventure-works\michael9,jo2@adventure-works.com,689-555-0130,KZaaqy2YCpxZaXM7rzYJyuNkw9w+wWoUaL5P6Jdyzpk=,T2lZOPo=,0DA4F03E-47E9-4BED-B149-9C18CEE9EB30,2006-08-01 00:00:00.000
326,False,Mr.,Scott,,Gode,,Year-Round Sports,adventure-works\david8,scott4@adventure-works.com,164-555-0145,GkzDDuB6pTaET7MyM3Kpgh+sP0JyO6EvZnbS4ep3kEg=,3CEircg=,81C81C0D-73EB-442D-BEB0-D03AD4AF5048,2005-08-01 00:00:00.000
329,False,,Andreas,,Berglund,,"Unicycles, Bicycles, and Tricycles",adventure-works\shu0,andreas1@adventure-works.com,795-555-0116,dGlOTb4tIwZCoQftB0K+7CHFl/ty6hYYq/X/T1Dq6k4=,9ak86/4=,35DE20D0-B72D-440B-8C55-6E8AD6643335,2005-08-01 00:00:00.000
330,False,Mr.,Mete,,Goktepe,,The New Bike Store,adventure-works\linda3,mete0@adventure-works.com,637-555-0120,cIKsu790VaU1891IzLoO2agtT2vvaOXkL3puAV90Zro=,7erbA0k=,09480748-3F10-4C0F-9BF1-EBEFAD6540CF,2005-12-01 00:00:00.000
358,False,Mr.,Joe,,Kim,,Mail Market,adventure-works\jae0,joe1@adventure-works.com,1 (11) 500 555-0144,/1zuZO01NBBN+zaoVVHAp+srLdfFp0nBmPrSBGPulOc=,jMsXQbs=,3ED88E2F-3F29-4E30-93D4-CE38474DED23,2007-08-01 00:00:00.000
361,False,Ms.,Karan,,Khanna,,Fitness Supplies,adventure-works\pamela0,karan1@adventure-works.com,390-555-0150,KQnTVrF88pDtzAwfV+7dDpsvf4FFaBRltsryZggImmI=,jZhDom8=,6F69F454-5199-4B15-B370-D926F8ED104C,2007-08-01 00:00:00.000
363,False,Mr.,Chris,,Ashton,,Immense Manufacturing Company,adventure-works\jillian0,chris3@adventure-works.com,556-555-0145,wGKQ72A4aSsDe2tQKUY1T1o0i/AO69PqKcMSFIponoQ=,3VRtZxg=,3543B21B-0DFA-40DE-998E-A9C3F2FCDA98,2007-08-01 00:00:00.000
364,False,Mr.,Imtiaz,,Khan,,District Mall,adventure-works\jillian0,imtiaz0@adventure-works.com,249-555-0179,NiUsCVv2EYAYfE2mK4VPPDgV7BXgOR4eQ4yVOvsOG1A=,Cdwoi3o=,9D91F4ED-58B5-4A59-9894-8FD17EBDFC9B,2005-08-01 00:00:00.000
365,False,Mr.,Jack,,Creasey,,Distinctive Store,adventure-works\shu0,jack2@adventure-works.com,539-555-0182,ao0Wb4hq67DVVcZYX2vO/mOgiZoTtJMBJzi4/wt8mrE=,7wlaV4Y=,AB87B283-4B2B-48AD-9D10-6B9F2D4D0BAA,2005-09-01 00:00:00.000
366,False,Ms.,Teresa,,Atkinson,,Extended Bike Sales,adventure-works\linda3,teresa0@adventure-works.com,129-555-0110,t+VbX7JvYz3GISo+HPpubYQr00RQKJLNqOx1dQdMKCc=,bwG1Wck=,76DA51E9-D61B-488C-A4E7-C7B87FDA2917,2005-09-01 00:00:00.000
370,False,Ms.,Elizabeth,,Keyser,,Acceptable Sales & Service,adventure-works\josé1,elizabeth2@adventure-works.com,656-555-0173,gD2lOrxAy3p4xvTGUYnECk5ROZd03OslvHCY+XDxQwI=,/P0XMaQ=,7059E0F6-846D-4A52-8A97-0734CD064892,2005-08-01 00:00:00.000
371,False,Mr.,Bruno,,Costa Da Silva,,Custom Sales and Service,adventure-works\josé1,bruno0@adventure-works.com,140-555-0143,iaQDSUY3hGgPoKQBMqMHb4jSlVLSNnjgd2j2jsX9rJs=,MY+7QbE=,05CF6683-BC27-4062-A60D-995706BBFAB5,2005-08-01 00:00:00.000
379,False,Mr.,Kevin,,Kennedy,,Fad Outlet,adventure-works\pamela0,kevin4@adventure-works.com,275-555-0179,FI+QpFgzPmmfZMk6bavb0AtoPMvD4CZ/+wGuwYgso3g=,B+59kWs=,083C2D9F-7CBB-4CD4-9BBF-30E80C376EE5,2006-09-01 00:00:00.000
380,False,Ms.,Eva,,Corets,,First Department Stores,adventure-works\david8,eva0@adventure-works.com,542-555-0164,vcqabvDo1Fnle8WElVwwEwNwCGZKfSJvDCUVyps/SuQ=,gF7bPbY=,5E469335-ACDD-41C8-89FE-0856ED944340,2006-07-01 00:00:00.000
381,False,Ms.,Julie,,Taft-Rider,,Bicycle Lines Distributors,adventure-works\jillian0,julie1@adventure-works.com,145-555-0194,BQF73YAE2cFDpeWDP0v7uA0/ZGhGgw1xxiMQqe74r7I=,6ZebGOE=,5AA5C79E-3C99-4FD2-87E7-B0E67603D5AB,2006-08-01 00:00:00.000
382,False,Mr.,Robert,,Kelly,,Beneficial Exercises and Activities,adventure-works\jillian0,robert7@adventure-works.com,510-555-0123,JM8Jl1msELWEL8AlgkQ/cej3rlO0TFq13PfmQ/bHakM=,OLqP9tg=,7EE0371D-CEFE-4A15-9347-34C232D82AB0,2006-09-01 00:00:00.000
383,False,Mr.,Scott,,Cooper,,Vehicle Shop,adventure-works\shu0,scott2@adventure-works.com,773-555-0182,BEePqLIHwU7zsFCJQcHQ8OGm8nkvUlj8YPFAT/teYOc=,+v0uddA=,94DA916C-8E0D-405C-AD3C-CFE9C1DB699A,2005-10-01 00:00:00.000
385,False,Mr.,John,,Kelly,,Sturdy Toys,adventure-works\shu0,john22@adventure-works.com,330-555-0116,tYV64ygQjda9WaWGc8CfVwqOiTHscX15aCHq9OPvjkw=,a2bt7rI=,6EDE3BE1-137D-4984-9ECB-EB871AE9059D,2005-08-01 00:00:00.000
394,False,Ms.,Bonnie,,Kearney,,Little Sports Center,adventure-works\jae0,bonnie1@adventure-works.com,1 (11) 500 555-0116,UUjDa8Zdc4Zz63sgzUXpnW3zOJwJZoBuQjoNvF2FVs0=,SNjG3l0=,F53F2CA8-F244-46B8-A64F-A09F657DB9DC,2007-08-01 00:00:00.000
397,False,Mr.,Sandeep,,Katyal,,Capable Sales and Service,adventure-works\pamela0,sandeep2@adventure-works.com,928-555-0117,EAI1ECvxzm9o9MbS8sPVK9QqTkerK/+KO5Wt6escxwY=,7xO2UQE=,B711F333-3277-4885-AB55-5790CF41F27D,2005-07-01 00:00:00.000
400,False,Mr.,Peter,,Houston,,Local Sales and Rental,adventure-works\jillian0,peter3@adventure-works.com,632-555-0171,NmON5fxy8YJbaxIrc6lSHicKQ9t/hBGfB1lwcWOr+xc=,Q5WaAeA=,40984282-13F9-4B14-90B3-E7A17180195D,2007-09-01 00:00:00.000
415,False,Mr.,Greg,,Chapman,,Imaginary Toys,adventure-works\pamela0,greg1@adventure-works.com,708-555-0169,O4klT8SXfYnT7o3qMpvaJ2lqs00qG6/UsfyahQihxFU=,Ze2j4rQ=,01289F01-9785-4DEA-A896-92592F1F90B2,2006-07-01 00:00:00.000
416,False,Ms.,Angela,,Barbariol,,Impromptu Trips,adventure-works\david8,angela1@adventure-works.com,134-555-0182,dT+8gAkuDqXAvfiIcTsiHoTPkfgs4bJuTILNGQjjc0g=,aKMOOAA=,6B7FF7E6-4028-491E-AC2A-DFBB6278CA57,2006-07-01 00:00:00.000
420,False,Mr.,Anthony,,Chor,,Extreme Riding Supplies,adventure-works\linda3,anthony0@adventure-works.com,429-555-0145,8C7859RNaDWPJkDaaxgaJaZPSf7ikFyFa//RYOz0aPo=,tAAs8Fk=,E4E565BB-00FF-494A-B31F-4BFE14EC2950,2007-09-01 00:00:00.000
424,False,Mr.,Eli,,Bowen,,Bikes for Two,adventure-works\josé1,eli0@adventure-works.com,371-555-0143,lQBr+SJMfQdHmj/GHgx+x1PKMKtwLGbiInwVTo+4Qfo=,7P8PxcQ=,1907F0A4-BFFE-4A3B-BEC8-76D0AECB2D30,2006-09-01 00:00:00.000
430,False,Sr.,Gustavo,,Camargo,,Uttermost Bike Shop,adventure-works\jae0,gustavo1@adventure-works.com,1 (11) 500 555-0118,+hCthjbuE+VctSZXuurfmfusjXPrneMHQFQLVjTsnuE=,fS7eEaQ=,D18DFA60-7D7E-4900-A0B6-78DF78E4DEEF,2006-08-01 00:00:00.000
443,False,Sra.,Janaina Barreiro Gambaro,,Bueno,,Courteous Bicycle Specialists,adventure-works\josé1,janainabarreirogambaro0@adventure-works.com,476-555-0184,VC5UG8CPRifGAgItWSWIpplMzshRj9HJwWt6KBvEFk0=,aNoO9K0=,133CE995-D294-47EE-94CB-468E147214D4,2007-09-01 00:00:00.000
444,False,Mr.,Shaun,,Beasley,,Finer Cycle Shop,adventure-works\garrett1,shaun0@adventure-works.com,396-555-0187,zrx5RFbPSu5mxzlRdxbDIH2wSdDS9S9OvSavFh1QHUA=,XjtM78E=,A83D6923-A2DF-4C6F-9D39-AF9DE01320DC,2006-08-01 00:00:00.000
448,False,Mr.,Terry,,Eminhizer,,Action Bicycle Specialists,adventure-works\jae0,terry1@adventure-works.com,1 (11) 500 555-0176,y8RaWYkfTrcpFEipLXAyKC2pL8AJgQhpW2mOmZ8sqF4=,vx5Ko/Q=,722AEE8F-6B89-4712-BB35-6861AF3065CD,2007-09-01 00:00:00.000
451,False,Mr.,John,,Emory,,Roadway Bike Emporium,adventure-works\pamela0,john16@adventure-works.com,691-555-0149,EXyX+Acbgfz6Y4iZ9KNW4TsmchGMdgjtJqmn+Xu2Mws=,/4/gh8A=,D5AE552E-FAFD-49AB-AC05-014484CA1139,2007-07-01 00:00:00.000
453,False,Mr.,Jon,,Ganio,,Unique Bikes,adventure-works\jillian0,jon0@adventure-works.com,672-555-0112,bWjEPINRmvLEbxP7M/s7AJTqpJenlAkq34rNVCEXqpc=,+Yo0P+0=,E165218F-456F-4D59-BF10-ACCF3911AE3C,2005-09-01 00:00:00.000
454,False,Ms.,Gail,,Erickson,,Sleek Bikes ,adventure-works\jillian0,gail1@adventure-works.com,834-555-0132,yV4p9H28cp19QO/bcSjLxZFYAs22W5SR9HnmTXUEWkM=,qUowBt4=,D0CC43E1-CF3E-47EA-87F7-2B64C899C56D,2007-09-01 00:00:00.000
456,False,Mr.,Michael,,Galos,,Riding Excursions,adventure-works\linda3,michael15@adventure-works.com,912-555-0149,Wwwn13Huxc1/wSvPmlYH5pXoqz1XUDSzAdavDQcyTKk=,x+UpoXE=,71FCE014-2BD7-4072-A163-B67CF0217325,2006-01-01 00:00:00.000
462,False,Mr.,Bob,,Gage,,General Riding Supplies,adventure-works\garrett1,bob1@adventure-works.com,962-555-0175,SeCchhGjoFaNiCwjURJ30XSE9lKCbSxUL9tDtRrg1FU=,hZbeVTs=,5C085E79-91EE-4855-92C2-BA36CD6980E0,2007-02-01 00:00:00.000
466,False,Sra.,Janeth,,Esteves,,Central Bicycle Specialists,adventure-works\jae0,janeth1@adventure-works.com,1 (11) 500 555-0136,X1Y5qQtF/cCa0JcWV87/0KfmpSje5R9/RdWM+fyB7Go=,+iF/Sqs=,94B95997-FD84-4632-BB16-6F21FE706051,2007-09-01 00:00:00.000
471,False,Mr.,John,,Ford,,Social Activities Club,adventure-works\jillian0,john19@adventure-works.com,596-555-0153,Uu7MYSoXZONPT3nnOss6MamCI0JtQpdQ0lHxfbTXg2s=,MFN+Ar8=,7578FA92-B7BF-4FA8-94E3-186B08221382,2005-08-01 00:00:00.000
474,False,Mr.,Mihail,,Frintu,,Retail Cycle Shop,adventure-works\linda3,mihail1@adventure-works.com,777-555-0163,0drckP/Xt0FMU29UWCYFp/wxtTBNd5PxmzaxMM5VKYc=,hxyAApA=,9437F421-4E1A-4223-8D41-B3008BC7BBC9,2006-09-01 00:00:00.000
475,False,Mr.,John,,Evans,,Real Sporting Goods,adventure-works\shu0,john17@adventure-works.com,581-555-0172,zI7V47DGDDCr+5PUQzccWY8u8MazpHxzT0wB13+8m50=,Pz84Lbs=,14CA36FA-E45C-421C-BB5A-22CDE0946AEA,2006-07-01 00:00:00.000
479,False,Ms.,Lori,,Kane,,General Supplies,adventure-works\josé1,lori2@adventure-works.com,765-555-0141,AI+KoUdA4XQcOZdVLM5fW573x+opUHDHSXxhPuylCL4=,s0Fgpmc=,DDF27582-0D9B-45A9-B605-AB01D2C1C3B8,2006-08-01 00:00:00.000
492,False,Mr.,Garth,,Fort,,Basic Sports Equipment,adventure-works\linda3,garth0@adventure-works.com,768-555-0125,M2NMXJ5k9IJ7AKmryPzUhZqIMVsjJHs5P2voDCVEbsc=,sQuHPto=,8194B68E-AF15-4EDC-B403-6C8F7475492B,2005-08-01 00:00:00.000
493,False,Mr.,Michael,,Sullivan,,Valley Bicycle Distributors,adventure-works\shu0,michael24@adventure-works.com,323-555-0113,zeK7weuXbh2aNM2MR5WVlOvwCXgMuHuiecTgufohN+Y=,ic4F61g=,B143978A-3FC9-4077-A70A-DB4DFACEDC79,2006-11-01 00:00:00.000
498,False,Ms.,Kelly,,Focht,,Quick Delivery Service,adventure-works\garrett1,kelly0@adventure-works.com,272-555-0123,xU8UixWEoFZ9PDzLfFA3AiuIaKPV9Z2ALf/Kbpu51Zo=,E7joL4U=,E3A756B3-EE63-4AC7-A799-B1FA170EDDE6,2005-09-01 00:00:00.000
502,False,Mr.,Krishna,,Sunkammurali,,Metropolitan Bicycle Supply,adventure-works\jae0,krishna1@adventure-works.com,1 (11) 500 555-0177,rKKXHEQ/Zb5Z596gCAMQepmJHLIzJy+BpJaz5GSv31c=,sEZH3m0=,E8DD8339-8804-46F2-AC6C-BCE931FF0831,2006-09-01 00:00:00.000
505,False,Mr.,Brad,,Sutton,,Honest Repair Service,adventure-works\pamela0,brad0@adventure-works.com,688-555-0115,5tnpQqGsl1FEtOjw1+pBDGRv4Cwho0BiuspfaZVuVOE=,BhyhRuI=,4F32A900-A34B-4448-A72C-196A1C553073,2007-07-01 00:00:00.000
506,False,Mr.,François,,Ferrier,,Great Bikes ,adventure-works\david8,françois1@adventure-works.com,571-555-0128,Li26cq1s3a+0YJcgjemlepj98r5eUwJlyHGmDJnSCWI=,NVfuzjo=,794AA83A-293D-4A91-BCF5-D40471B46569,2005-07-01 00:00:00.000
507,False,Mr.,Mary,,Bishop,,Global Sporting Goods,adventure-works\jillian0,mary4@adventure-works.com,176-555-0136,uj7ugYIlt8/EjcQMI8uLQKlKQQ/rSZ167vO7ihbVYo8=,toJKEB0=,2C2F6363-D05A-4ED4-8896-E321413D4FF3,2005-07-01 00:00:00.000
510,False,Mr.,Jimmy,,Bischoff,,World Bike Discount Store,adventure-works\linda3,jimmy1@adventure-works.com,992-555-0111,lbduPisVeIU+cP9cYQejSE4m0OPZJifKl9/E7GrrAyo=,BJUetfg=,6EE9D652-6F65-4F4D-AF0B-3A82CB34C5F1,2005-07-01 00:00:00.000
514,False,Mr.,Ryan,,Calafato,,Retail Mall,adventure-works\josé1,ryan1@adventure-works.com,726-555-0155,7zHYCWMhkitUJXggqG0dMfCqyK0FBDp/XwCeyPYWZ1A=,DBuWFZ4=,F7FA597E-BE0A-4488-9101-A6CD272DBF47,2005-07-01 00:00:00.000
515,False,Mr.,Dragan,,Tomic,,Rural Bicycle Supply,adventure-works\josé1,dragan1@adventure-works.com,833-555-0167,/RLlmUbwfhuCElQyoZ6r3d8DDXVYF3kfkJma4R7pL8g=,3KzW2g8=,0D4A67DB-594A-4131-A3C8-51C76265B3C5,2005-07-01 00:00:00.000
527,False,Ms.,Diane,,Tibbott,,Fun Times Club,adventure-works\shu0,diane5@adventure-works.com,847-555-0184,4G603WBKyHh8eHVBhhE9Fx0bYyHxSASUpUyJ5v5AG88=,br8PN50=,B43C442C-796E-4B1F-85F3-233A02F5F7ED,2005-08-01 00:00:00.000
533,False,Ms.,Yuping,,Tian,,Tenth Bike Store,adventure-works\josé1,yuping0@adventure-works.com,744-555-0123,dOvfJZgKHSk3OY2F/ZDzG76q7Vqtd3ogvi6tEW81U9E=,30pSFOQ=,89E3BBB3-134C-465B-A2BD-558EA54D3D9E,2005-08-01 00:00:00.000
544,False,Mr.,Jay,,Adams,,Valley Bicycle Specialists,adventure-works\jillian0,jay1@adventure-works.com,158-555-0142,jCFDuqUMHmknfadTRSkMvN0IDObtE/GslvN9q2Wa5xU=,117fxZM=,70259E78-E301-494B-B26D-40D663DBB3DE,2009-05-16 16:33:33.123
545,False,Mr.,Christian,,Kleinerman,,Finish and Sealant Products,adventure-works\shu0,christian1@adventure-works.com,362-555-0177,v9tjo4izinAmIevwhur1w9F/Wj0yCIj1eXG0q2dFc1s=,7uZHIds=,7118CA63-B79E-4E8A-B70D-7DF409B7F23A,2005-09-01 00:00:00.000
546,False,Mr.,Anton,,Kirilov,,Field Trip Store,adventure-works\linda3,anton0@adventure-works.com,608-555-0162,MA3e45BYPTDfQV7Kwg+fh94UR4S5kCbr0wdRqncaG0o=,0sZGs8c=,298DE006-BED6-4E13-B659-3F9422750943,2006-08-01 00:00:00.000
550,False,Ms.,Raquel,,Mello,,Remote Bicycle Specialists,adventure-works\josé1,raquel0@adventure-works.com,723-555-0124,GMyxAFJL1Mwg+3iSBTMKDohFkSy5NKqGrVo0rL23S4I=,Ap+5ADc=,DEFE32C0-E965-40EE-A991-69DCA4BEDCE6,2006-09-01 00:00:00.000
552,False,Mr.,Tim,,Kim,,Consolidated Messenger,adventure-works\garrett1,tim0@adventure-works.com,244-555-0115,tgMDK3qjc6HiiWHXztTrPQw/eEJWy2T9OWRLlcrhhbM=,W9zzlRs=,B6D14407-6E95-452D-9ED4-D72D111A5BE7,2007-08-01 00:00:00.000
559,False,Ms.,Nkenge,,McLin,,Some Discount Store,adventure-works\pamela0,nkenge0@adventure-works.com,158-555-0123,mGggzeGp9z6TPCUrzGWt1N9gNU1CoQ+Cuu8cxh8uig4=,NNRxDmg=,487EDB3A-23A8-4D1D-B1FF-FCDDCBDBC97E,2005-08-01 00:00:00.000
562,False,Ms.,Yvonne,,McKay,,Practical Bike Supply Company,adventure-works\jillian0,yvonne1@adventure-works.com,623-555-0144,CzoEFQ0OfYtg1bNPN/BfavRr5F/ulWLF9VIraghdmZo=,pXNy1Eg=,CDFD5261-BA2C-46D1-9CE3-D083483A5CD2,2005-09-01 00:00:00.000
564,False,Ms.,Michelle,,Alexander,,Imported and Domestic Cycles,adventure-works\linda3,michelle0@adventure-works.com,115-555-0175,bA9fPVXpV/0NMRuGiY+zju3+/lcB2r9uBk68dG22Ddk=,M5BkDDQ=,7F79FF5A-E220-46F7-BEC3-E6FFDABEBB2C,2007-05-01 00:00:00.000
578,False,Ms.,Carolyn,,Farino,,The Bike Shop,adventure-works\david8,carolyn0@adventure-works.com,957-555-0125,jnz8GF/glxwiqqdUVHkoV+53Mp1HOnFR/azWzJ80Ktc=,qwoGYjU=,82B2F273-C9F6-4B40-B0DA-F1AE0D6CB581,2005-07-01 00:00:00.000
579,False,Ms.,Kim,,Abercrombie,,Riders Company,adventure-works\jillian0,kim2@adventure-works.com,334-555-0137,4I8349R6c33cK+j1ef3dZt0JHOQ9MV7OvEXpCbwhQrQ=,rrgbG/U=,ADA28DF5-683F-47E6-9D05-7C22DD329440,2009-05-16 16:33:33.077
592,False,Mr.,Stefano,,Stefani,,Cycling Goods,adventure-works\jae0,stefano0@adventure-works.com,1 (11) 500 555-0115,eVnhcpqYU3NKN52mFwcXw11n5pF8qfCFpZBVTo45zsY=,XSHxez4=,13F01A4D-69BE-4DC7-9BFC-2339B0011D37,2006-08-01 00:00:00.000
595,False,Mr.,Alan,,Steiner,,Cycle Clearance,adventure-works\pamela0,alan4@adventure-works.com,792-555-0194,0ZfPkEBplSrQkVpmgzrlfblSeTpJ4CJwJu7aVWOuOSM=,FDIch68=,9C979E0C-9613-4D25-A2FB-F11DB162FE11,2007-09-01 00:00:00.000
596,False,Ms.,Kathie,,Flood,,Coho Sports,adventure-works\david8,kathie1@adventure-works.com,627-555-0192,UA0N5pHkC4DZZ4xHgqJohcC+5L3JnoaegTulnb1lrhA=,WGizZm8=,45E57628-05C0-4CF7-B920-446DB8449713,2006-08-01 00:00:00.000
597,False,Mr.,Bob,,Hodges,,All Seasons Sports Supply,adventure-works\jillian0,bob2@adventure-works.com,129-555-0120,7n1V5i5pzSERgIgX+CGs3KdSRIWCKMMppAbccjLLWQQ=,FebyYno=,544A635A-DBDF-4352-8654-EAC27DC3B3E0,2007-07-01 00:00:00.000
598,False,Mr.,Derik,,Stenerson,,Black Bicycle Company,adventure-works\jillian0,derik0@adventure-works.com,441-555-0144,eiskTIJrt6kqa7sel16D8OBUVoPmh3ud4vMChJvsZCc=,0rK3P2k=,677DA2FB-A3EF-4EB3-A520-23AFBBF29226,2007-02-01 00:00:00.000
606,False,Ms.,Helge,,Hoeing,,Little Bicycle Supply Shop,adventure-works\jillian0,helge0@adventure-works.com,850-555-0198,hbXMO61Cy3vQxyCiHA7HyFryiQNgK7GAqMxsht+DVBI=,yvAO+sY=,EFB59C1A-467F-4946-BCE9-72EA3E3E2236,2007-08-01 00:00:00.000
609,False,Mr.,David,,Hodgson,,Good Toys,adventure-works\linda3,david16@adventure-works.com,969-555-0117,+gtwbVycsIIj2loVtrHNRN6IBLl20lQpRK8+JhzxyEo=,AwqZdYk=,907AF75B-4DBD-4E50-A0C8-3205595987B4,2006-09-01 00:00:00.000
613,False,Mr.,Jim,,Stewart,,Famous Bike Shop,adventure-works\garrett1,jim5@adventure-works.com,226-555-0110,UhGiWqQH+ZqO4P2SIEQ4J9goCINUOyHBAttZ/+kJooA=,awRBGoA=,05B7B25A-0E97-4F07-9A87-0627F354A45F,2006-09-01 00:00:00.000
617,False,Ms.,Arlene,,Huff,,Tubeless Tire Company,adventure-works\jae0,arlene0@adventure-works.com,1 (11) 500 555-0146,V+NOGsSc50L8026bnGkDjKzDoI/ND88zeG1cDP5uO7Q=,SC/mXZQ=,44F580C3-4D01-41C8-964D-24DE6CBE51FC,2007-08-01 00:00:00.000
621,False,Mr.,Matthew,,Hink,,Running and Cycling Gear,adventure-works\david8,matthew3@adventure-works.com,146-555-0176,q9I0z+PgMdt+yPOfNb1pj69QvJ3r8WuMzirXw4mW4BM=,hDyaJt4=,A8ACF94D-2B05-4EF4-96EA-87B3466619C5,2007-09-01 00:00:00.000
624,False,Mr.,Mike,,Hines,,First Cycle Store,adventure-works\shu0,mike3@adventure-works.com,454-555-0160,gna2fhtLmKi5ZKr50RuPJEI5Vh/osfQgFxhjmQs0XpI=,wt1HllQ=,EB4B75A2-CA46-4B7D-BCBB-EAA8D41E8659,2005-09-01 00:00:00.000
629,False,Mr.,Ryan,,Ihrig,,Efficient Cycling,adventure-works\josé1,ryan4@adventure-works.com,809-555-0152,6UfB6OlcKQXLjWHj+yl3Ck3STFhp4YRHN/aojcUvsb0=,HGudpUM=,2B7A6FF6-7BD4-4E4E-896C-42A76AC54270,2007-08-01 00:00:00.000
635,False,Mr.,Roger,,Van Houten,,Sports Store,adventure-works\jae0,roger2@adventure-works.com,1 (11) 500 555-0110,C0yLsx6zITh7lXoIPgG1bl1t5II3nx4GYi/RaS1yB84=,WnTAc/0=,7F84FF66-311C-4396-A5BA-D2470EAADA21,2006-12-01 00:00:00.000
637,False,Mr.,Robert,,Lyon,,Reliable Retail Center,adventure-works\garrett1,robert9@adventure-works.com,666-555-0143,4wMARaGSdJ36NMWSghaEHOvqGA6TSKb3JZJ8QlNfnok=,0JS3VLg=,65C25750-C07B-431C-9519-BBCAA7AA6B34,2006-09-01 00:00:00.000
646,False,Mr.,Scott,,MacDonald,,Yellow Bicycle Company,adventure-works\jillian0,scott7@adventure-works.com,470-555-0171,E1wwrSH3sVJUF8UlhuAF+A5UTcdr1LObJBI67CvopDA=,LqtoWXs=,78D632CB-9993-46AC-AA5C-45B2F807F681,2005-07-01 00:00:00.000
647,False,Mr.,Michael,,Vanderhyde,,Solid Bike Parts,adventure-works\jillian0,michael25@adventure-works.com,918-555-0141,/upSM1yXqGCA1vtYL9IB/NcKFrE3cg7HvqSYGTsQprM=,uXetzTc=,F36E88F4-27E1-4636-9BD4-24DAF44C4141,2005-09-01 00:00:00.000
654,False,Mr.,Jésus,,Hernandez,,Online Bike Warehouse,adventure-works\josé1,jésus0@adventure-works.com,214-555-0145,oQESLWRzzA7xFmx/oeIwJrVckc/0dzUxgBru6ptUjqA=,Y/Ty5LA=,1A357CAC-E4F2-4880-BE31-487D92071128,2006-09-01 00:00:00.000
659,False,Mr.,Ajay,,Manchepalli,,Shipping Specialists,adventure-works\jae0,ajay0@adventure-works.com,1 (11) 500 555-0174,eVyn3oU+PF4k5dUPOBDIl+7JqQhO17DiG/iJE8dPkgc=,MYqiM6w=,A2098F7B-3D3A-4894-90D7-C79C118845D5,2008-02-01 00:00:00.000
661,False,Mr.,Kari,,Hensien,,General Department Stores,adventure-works\garrett1,kari0@adventure-works.com,143-555-0129,9q51LeEZWFDB+L+DtlRs239EjYmK9mN+eUjUvqLToLw=,niDlQYk=,AC14C556-2FCC-4578-AD66-D2F31FCA6C51,2005-08-01 00:00:00.000
669,False,Ms.,Patricia,,Doyle,,Racing Bike Outlet,adventure-works\david8,patricia0@adventure-works.com,899-555-0134,oNLvRmGCzEz1jsW8aIhOPt/9GVbikzcIYiqMuMKtrYw=,ZeNva8s=,C8D30FD5-43D3-4D5C-B54E-3561113CAF43,2006-11-01 00:00:00.000
673,False,Mr.,John,,Hanson,,Countryside Company,adventure-works\linda3,john20@adventure-works.com,107-555-0117,2stwPzsfBnHlWJSw7+jrEjtXjaoxVkBMOVsluOUNpog=,zNDLlSI=,45CF2A2C-3D06-45F4-9009-FCD4ABC19427,2006-10-01 00:00:00.000
678,False,Mr.,Reuben,,D'sa,,Vigorous Exercise Company,adventure-works\josé1,reuben1@adventure-works.com,916-555-0137,EVeayvYSlWRfySd2RBGRSr93ST2Me+VDyAoD44WBrrg=,jj5f+ZA=,9AE2B1F8-8F7D-4439-99FE-2B67E38DE4EE,2005-09-01 00:00:00.000
683,False,Ms.,Linda,,Martin,,Oils and Fluids Warehouse,adventure-works\jae0,linda8@adventure-works.com,1 (11) 500 555-0137,lePksYQQH7iiujo49o5l9u2k6fs+JCFtUHkyVL8P7WM=,JYjWVqI=,243EF1F5-74D0-4E3C-9B0D-C7AA926F3D64,2006-08-01 00:00:00.000
693,False,Mr.,Bart,,Duncan,,Stock Parts and Supplies,adventure-works\david8,bart0@adventure-works.com,539-555-0121,NJJTfbDws96bPa7Giz9Mmq+M0NSYcjlcfwpjsUnYWdE=,MPxWTOU=,3B38D4CB-9573-4686-A202-9179DBEFC7B8,2007-08-01 00:00:00.000
695,False,Mr.,Rob,,Caron,,Responsible Bike Dealers,adventure-works\jillian0,rob2@adventure-works.com,620-555-0117,yaVIQNTOMlDFxsn08drJdHoPTkydd5XKkeBgAPyVGbk=,v43cndI=,77A62D9C-4ED6-4266-AE35-40CC330ACC5E,2006-09-01 00:00:00.000
696,False,Mr.,Maciej,,Dusza,,Roadway Supplies,adventure-works\shu0,maciej1@adventure-works.com,962-555-0144,v404bp5zCcIyJO+s50eW4MbBxBjjkDQJe5ee5fvwBKI=,pDYvCjw=,A0140DD4-4D10-4091-9D89-95873DAE9BB7,2005-11-01 00:00:00.000
697,False,Mr.,Roger,,Harui,,Brakes and Gears,adventure-works\linda3,roger0@adventure-works.com,774-555-0133,tkI9EcizphWPzkz7kDwsd2AnKnZJi3/6+V5/fIuXPpo=,sQMfTfM=,B30CE5B4-BBFA-4A57-B5C2-EED1EF13E0BE,2005-08-01 00:00:00.000
698,False,Mr.,Andy,,Carothers,,Western Bike Supplies,adventure-works\shu0,andy1@adventure-works.com,944-555-0148,Q0MU0NsjDAbnQSqMBkP9Sm4G43DKXcirOnAKlzYSYnI=,DZ8e0Xk=,6BC4FF5A-0696-4C2A-88F9-08D1DBA91B74,2006-07-01 00:00:00.000
29486,False,Ms.,Kim,,Abercrombie,,Riders Company,adventure-works\jillian0,kim2@adventure-works.com,334-555-0137,4I8349R6c33cK+j1ef3dZt0JHOQ9MV7OvEXpCbwhQrQ=,rrgbG/U=,2A5ABA2E-8DB0-4856-A773-21D185F1679E,2009-05-16 16:33:33.077
29492,False,Mr.,Jay,,Adams,,Valley Bicycle Specialists,adventure-works\jillian0,jay1@adventure-works.com,158-555-0142,jCFDuqUMHmknfadTRSkMvN0IDObtE/GslvN9q2Wa5xU=,117fxZM=,7A2EB695-B6B9-48D4-BAD2-BD33E8CE8CA1,2009-05-16 16:33:33.123
29497,False,Mr.,François,,Ferrier,,Great Bikes ,adventure-works\david8,françois1@adventure-works.com,571-555-0128,Li26cq1s3a+0YJcgjemlepj98r5eUwJlyHGmDJnSCWI=,NVfuzjo=,EEEF3C65-08F9-49C6-AE12-A2FCDEDACAF5,2005-07-01 00:00:00.000
29505,False,Ms.,Michelle,,Alexander,,Imported and Domestic Cycles,adventure-works\linda3,michelle0@adventure-works.com,115-555-0175,bA9fPVXpV/0NMRuGiY+zju3+/lcB2r9uBk68dG22Ddk=,M5BkDDQ=,E8AB6307-CD3C-4C36-9FE6-B5DA7BBAB0A1,2007-05-01 00:00:00.000
29523,False,Mr.,John,,Arthur,,The Gear Store,adventure-works\jillian0,john6@adventure-works.com,149-555-0113,AJwPH2IQhCHW77xtUnJh0G0EXqA11PsPLRRuSQK+K9U=,ZXH0EUg=,7D7D6D52-79E3-4CE4-9F68-2D8B6BF4854D,2005-08-01 00:00:00.000
29524,False,Mr.,Chris,,Ashton,,Immense Manufacturing Company,adventure-works\jillian0,chris3@adventure-works.com,556-555-0145,wGKQ72A4aSsDe2tQKUY1T1o0i/AO69PqKcMSFIponoQ=,3VRtZxg=,7901EC05-A4C0-49E4-AC89-9118B3B5EC8B,2007-08-01 00:00:00.000
29525,False,Ms.,Teresa,,Atkinson,,Extended Bike Sales,adventure-works\linda3,teresa0@adventure-works.com,129-555-0110,t+VbX7JvYz3GISo+HPpubYQr00RQKJLNqOx1dQdMKCc=,bwG1Wck=,AD907F95-DD96-4D69-A8D0-C72F64203CCA,2005-09-01 00:00:00.000
29530,False,Mr.,Daniel,,Blanco,,Nice Bikes,adventure-works\garrett1,daniel0@adventure-works.com,221-555-0167,bnDkCXU7YCA05COiVJst0pMlaJtfAK0H8pgniBfLooM=,oOIbGSo=,EA3D7FC9-B1D0-4D83-8B1D-F47CCA131B0B,2006-09-01 00:00:00.000
29539,False,Mr.,Josh,,Barnhill,,Gasless Cycle Shop,adventure-works\garrett1,josh0@adventure-works.com,584-555-0192,bskaXdzyt3OUpHetBO/IcD+SDhG5EyMDjtlYBlgd5JM=,m3KdhOo=,69DF26EC-38FB-4588-AE26-5987EDCCABF2,2005-08-01 00:00:00.000
29544,False,Mr.,Shaun,,Beasley,,Finer Cycle Shop,adventure-works\garrett1,shaun0@adventure-works.com,396-555-0187,zrx5RFbPSu5mxzlRdxbDIH2wSdDS9S9OvSavFh1QHUA=,XjtM78E=,A9A96153-F3F1-4049-872E-592B6E674BC3,2006-08-01 00:00:00.000
29548,False,Ms.,Ann,,Beebe,,First-Rate Outlet,adventure-works\garrett1,ann0@adventure-works.com,277-555-0169,l3pyVEyTaWqsF1xRfSXtR2CgCOfOXQCSumdlzqMKLxQ=,BX3pcB8=,00CFDBC0-CDD2-4436-B0AE-DD248F4E4371,2005-08-01 00:00:00.000
29560,False,Mr.,Matthias,,Berndt,,Number 1 Supply,adventure-works\shu0,matthias1@adventure-works.com,384-555-0169,PGmZaBbqtByrVs9jYLcigdjJ5O29jcKmsdbRwANU3WQ=,6Mzfp8w=,ADD0CC30-6294-45CF-87FB-8E27833FB38C,2006-08-01 00:00:00.000
29565,False,Mr.,Jimmy,,Bischoff,,World Bike Discount Store,adventure-works\linda3,jimmy1@adventure-works.com,992-555-0111,lbduPisVeIU+cP9cYQejSE4m0OPZJifKl9/E7GrrAyo=,BJUetfg=,271B27D9-E905-4FCE-BD85-C9C4184E3E9E,2005-07-01 00:00:00.000
29573,False,Sr.,Luis,,Bonifaz,,Economy Bikes Company,adventure-works\linda3,luis0@adventure-works.com,688-555-0113,fOnF7T/vMnI6uJzH1IxN9lcM8z31odelgSIW9Vu8sD4=,dz8Ej6A=,473731FF-4260-43FD-9BAE-DECEE582420E,2006-09-01 00:00:00.000
29574,False,Mr.,Randall,,Boseman,,Third Bike Store,adventure-works\jillian0,randall0@adventure-works.com,383-555-0117,UsXZ9ElCaZBo0YED9A2khFNGjNK+8yHdxnraI+OHsZ8=,oMeb83g=,B4A76396-2351-4B5B-8FEE-18F97D6FE030,2006-09-01 00:00:00.000
29576,False,Mr.,Eli,,Bowen,,Bikes for Two,adventure-works\josé1,eli0@adventure-works.com,371-555-0143,lQBr+SJMfQdHmj/GHgx+x1PKMKtwLGbiInwVTo+4Qfo=,7P8PxcQ=,19E3AD5C-CAA8-41F6-9781-D56C651B4133,2006-09-01 00:00:00.000
29580,False,Mr.,Richard,,Bready,,Latest Sports Equipment,adventure-works\david8,richard1@adventure-works.com,340-555-0131,kOabrc0OqOISR4N3D3FZkOh3yAKQCF/ozSx7G00Kpt0=,jpRF8lY=,041C42B9-857B-4B3F-B314-3BF29999AD48,2005-07-01 00:00:00.000
29582,False,Mr.,Ted,,Bremer,,Raw Materials Inc,adventure-works\pamela0,ted0@adventure-works.com,962-555-0166,mBQHYK00pq9+tDgH7TR6fPrrYQ2drX7/VuuHgkUSOiQ=,MxiyX14=,3EA30AEA-3C37-4450-A3AD-97EA44B21FF6,2005-08-01 00:00:00.000
29583,False,Mr.,Alan,,Brewer,,Lots of Bikes Storehouse,adventure-works\jillian0,alan1@adventure-works.com,494-555-0134,t9ecYoVIOcEiyXvl+noHoCymcRlJij1fzZzXfKeZ/R0=,6ZoXk8E=,63797367-055A-48FC-97C0-2C4D8573585E,2005-11-01 00:00:00.000
29590,False,Mr.,Jo,,Brown,,Metro Bike Works,adventure-works\michael9,jo2@adventure-works.com,689-555-0130,KZaaqy2YCpxZaXM7rzYJyuNkw9w+wWoUaL5P6Jdyzpk=,T2lZOPo=,7E529A97-2B5C-4339-883F-3ECCFB85E411,2006-08-01 00:00:00.000
29591,False,Mr.,Robert,,Brown,,Best o' Bikes,adventure-works\jillian0,robert5@adventure-works.com,575-555-0189,WdS3xcgtqW4nnV7dyZ17PmiMPZ5vKs5whm3ANBVQ1sQ=,mQK+bIw=,74AA6608-703F-4F37-A447-BBF9879C0D4F,2007-07-01 00:00:00.000
29598,False,Mr.,Michael,,Brundage,,Mechanical Products Ltd.,adventure-works\shu0,michael13@adventure-works.com,128-555-0148,Ioh5Ss2cXrUAI8DZcSkQ/z92aEmHE0Wxqc6MdggjJQE=,MjQeaAE=,5411839C-DAA1-4827-A995-1856C8217DE2,2006-08-01 00:00:00.000
29603,False,Sra.,Janaina Barreiro Gambaro,,Bueno,,Courteous Bicycle Specialists,adventure-works\josé1,janainabarreirogambaro0@adventure-works.com,476-555-0184,VC5UG8CPRifGAgItWSWIpplMzshRj9HJwWt6KBvEFk0=,aNoO9K0=,C8099813-1F08-41C6-8567-025CAB01F0FA,2007-09-01 00:00:00.000
29614,False,Mr.,Ryan,,Calafato,,Retail Mall,adventure-works\josé1,ryan1@adventure-works.com,726-555-0155,7zHYCWMhkitUJXggqG0dMfCqyK0FBDp/XwCeyPYWZ1A=,DBuWFZ4=,1722BE43-305B-4275-8863-F6D54343F12A,2005-07-01 00:00:00.000
29618,False,Sr.,Gustavo,,Camargo,,Uttermost Bike Shop,adventure-works\jae0,gustavo1@adventure-works.com,1 (11) 500 555-0118,+hCthjbuE+VctSZXuurfmfusjXPrneMHQFQLVjTsnuE=,fS7eEaQ=,89BE0FA2-162C-400D-9D8B-F2E557242088,2006-08-01 00:00:00.000
29623,False,Mr.,Chris,,Cannon,,Outdoor Sporting Goods,adventure-works\shu0,chris5@adventure-works.com,118-555-0131,RKimtgGoqQN8dj2KGy7mvo2DrpTK0yOpF9e6sgxyOTU=,LQWSses=,E9B77812-22B3-427A-8A5A-EA8275ED7B21,2007-07-01 00:00:00.000
29635,False,Mr.,Rob,,Caron,,Responsible Bike Dealers,adventure-works\jillian0,rob2@adventure-works.com,620-555-0117,yaVIQNTOMlDFxsn08drJdHoPTkydd5XKkeBgAPyVGbk=,v43cndI=,77FDC952-805B-4997-8363-EDE49A55D31F,2006-09-01 00:00:00.000
29636,False,Mr.,Andy,,Carothers,,Western Bike Supplies,adventure-works\shu0,andy1@adventure-works.com,944-555-0148,Q0MU0NsjDAbnQSqMBkP9Sm4G43DKXcirOnAKlzYSYnI=,DZ8e0Xk=,625F2B1D-2F34-4020-88B8-032310645B2E,2006-07-01 00:00:00.000
29645,False,Mr.,Andrew,,Cencini,,Sports Merchandise,adventure-works\pamela0,andrew2@adventure-works.com,644-555-0111,Eo1pvctUvdkRpUgGHwOfILlh5uZiYuLv+eBXLj1viR8=,LCi+QgQ=,0AB26819-705B-44AD-8B7D-514BE2632220,2007-09-01 00:00:00.000
29653,False,Mr.,Pei,,Chow,,Thrilling Bike Tours,adventure-works\linda3,pei0@adventure-works.com,789-555-0184,UVTWGfYZBU+ZmXLqhvqZFDwYXdtX14O87KHOHN36XDc=,pI/k4Qw=,16FFB394-535A-428D-AA61-96863A7AC191,2007-09-01 00:00:00.000
29654,False,Mr.,Yao-Qiang,,Cheng,,This Area Sporting Goods,adventure-works\jillian0,yao-qiang0@adventure-works.com,344-555-0181,3LD/Jab7lP6gIPvK5EdTnwhHBo+dxs3y9GbIgmN6E8Q=,BG6Ps64=,F92CE3CA-13DD-4E50-B882-8CA0CC320DCB,2006-07-01 00:00:00.000
29660,False,Mr.,Anthony,,Chor,,Extreme Riding Supplies,adventure-works\linda3,anthony0@adventure-works.com,429-555-0145,8C7859RNaDWPJkDaaxgaJaZPSf7ikFyFa//RYOz0aPo=,tAAs8Fk=,E24193F1-F5DF-481E-AC1A-BAB86BD72C54,2007-09-01 00:00:00.000
29663,False,Ms.,Alice,,Clark,,Local Hardware Factory,adventure-works\jillian0,alice1@adventure-works.com,221-555-0141,ZZhnNULC5d/7tZv0hUtCl4jKwgyZql8aSrIzlTaTvg0=,hGHOthw=,E7DA5DB3-117A-49F9-A4C7-4D24D1FB75BF,2006-09-01 00:00:00.000
29666,False,Ms.,Jane,,Clayton,,South Bike Company,adventure-works\garrett1,jane1@adventure-works.com,206-555-0195,o02Imw+gyZX9J1yiTBKYD4M5XlerPqz3usX+v3CsDHA=,PZCGT2g=,D59815EC-776C-403F-AB1F-90712BBAD966,2007-08-01 00:00:00.000
29671,False,Mr.,Pat,,Coleman,,Machines & Cycles Store,adventure-works\garrett1,pat2@adventure-works.com,292-555-0128,61UcbVZnGT5eqxs0oFMv4JyipeaQCUZgUZkPgtVNBDo=,7+I+4k4=,1D66E73C-E136-417F-AF0B-AC224D8A7AA3,2007-07-01 00:00:00.000
29682,False,Mr.,Scott,,Cooper,,Vehicle Shop,adventure-works\shu0,scott2@adventure-works.com,773-555-0182,BEePqLIHwU7zsFCJQcHQ8OGm8nkvUlj8YPFAT/teYOc=,+v0uddA=,6E0D2D51-9957-4449-A625-2F1493A0419E,2005-10-01 00:00:00.000
29683,False,Ms.,Eva,,Corets,,First Department Stores,adventure-works\david8,eva0@adventure-works.com,542-555-0164,vcqabvDo1Fnle8WElVwwEwNwCGZKfSJvDCUVyps/SuQ=,gF7bPbY=,F5594FBF-D2E8-4D1D-A522-A5F003470401,2006-07-01 00:00:00.000
29686,False,Mr.,Jack,,Creasey,,Distinctive Store,adventure-works\shu0,jack2@adventure-works.com,539-555-0182,ao0Wb4hq67DVVcZYX2vO/mOgiZoTtJMBJzi4/wt8mrE=,7wlaV4Y=,6F023446-D4C3-43EB-9AD2-1DCE20948111,2005-09-01 00:00:00.000
29688,False,Mr.,Grant,,Culbertson,,Handy Bike Services,adventure-works\michael9,grant1@adventure-works.com,859-555-0173,nkkvhNgGMBN5JS2w3ewyvV4KCwrTMYC4+yoS/4hIUok=,fqDHYeo=,D60AE47B-4A9F-44B5-A7AE-3D1091040242,2005-08-01 00:00:00.000
29689,False,Mr.,Scott,,Culp,,Friendly Bike Shop,adventure-works\david8,scott3@adventure-works.com,119-555-0167,Xf7AJHcry+LouddJR3dIGHjo8du8EO+214E81gPafj0=,rXx8clQ=,AFD514C0-D0B3-4DFE-A637-BA1622FAE8A1,2006-07-01 00:00:00.000
29690,False,Mr.,Conor,,Cunningham,,Fashionable Bikes and Accessories,adventure-works\shu0,conor0@adventure-works.com,115-555-0113,/yVQQacXlcqZVH6x20kKCxCJ+sP4EjmPQXwwwInfNH0=,vJ/AcXo=,BFADDEE5-D70C-4325-9C87-34D99C449391,2005-09-01 00:00:00.000
29692,False,Mr.,Thierry,,D'Hers,,Citywide Service and Repair,adventure-works\josé1,thierry1@adventure-works.com,680-555-0192,i+ukExAQLOnEpQFQLme/QYR8w6kME+/MdykXoSxwgFI=,FooiQMs=,F5589EF1-277F-449E-A042-71571B86449A,2006-07-01 00:00:00.000
29696,False,Sr.,Alvaro,,De Matos Miranda Filho,,Principal Bike Company,adventure-works\shu0,alvaro0@adventure-works.com,551-555-0155,BrhebOErAX2tbZ1LZxAb8hwE96ZdIjikETxIsIKfpLw=,v5pJpw0=,C7CBB299-403E-4C27-BAC7-AB690CB7891A,2006-09-01 00:00:00.000
29702,False,Ms.,Aidan,,Delaney,,Paint Supply,adventure-works\jillian0,aidan0@adventure-works.com,358-555-0188,6lcVqEc4gGgfW6DsOks/KuDIWIP5qFsrc8sXtmcwj6E=,DKu7/UM=,0836CDF2-523B-40C5-A491-F9E5D3736333,2005-09-01 00:00:00.000
29703,False,Mr.,Stefan,,Delmarco,,Preferred Bikes,adventure-works\linda3,stefan0@adventure-works.com,819-555-0186,9rOycZRxDntXWB8Y/285x4HS6G2ATNOzhqIhF+oBGqc=,BsI2IB4=,5A341978-F3D1-4812-BF75-EB00CA9682E3,2005-08-01 00:00:00.000
29708,False,Mr.,Prashanth,,Desai,,Stationary Bikes and Stands,adventure-works\jillian0,prashanth0@adventure-works.com,138-555-0156,AT0SeSL9gTlDL0/MHFMEy5GrEjR12DBF5ag/cyHZpJY=,l32Vf08=,633E70BB-508F-45A9-9E1B-94AFD9513A01,2005-09-01 00:00:00.000
29710,False,Ms.,Brenda,,Diaz,,Downtown Hotel,adventure-works\shu0,brenda2@adventure-works.com,147-555-0192,84meSWqxRT9guwZSihzP3MYe7UV2VaMLBldOf8pTy5A=,lsd099Q=,A37A4F71-12A9-4055-BCA8-C18B79098AF1,2005-09-01 00:00:00.000
29711,False,Ms.,Gabriele,,Dickmann,,Certified Sports Supply,adventure-works\josé1,gabriele0@adventure-works.com,835-555-0116,6eApe0lB1ZkvyJB3Uo3LaYGV8sm2/NE9fUHXM7a0RYU=,M8SoIWU=,B34DF238-E77E-4832-8184-487F0321F98F,2005-09-01 00:00:00.000
29713,False,Mr.,Dick,,Dievendorff,,Rampart Amusement Company,adventure-works\jae0,dick1@adventure-works.com,1 (11) 500 555-0193,dI9bbaCIElCUwy2PYLUYLNIrdM9yCcuTmHspqw8Wsxc=,FihOX8w=,31D75DE8-5F8D-4513-AB55-4269D29BAFFD,2007-08-01 00:00:00.000
29716,False,Mr.,Blaine,,Dockter,,Farthermost Bike Shop,adventure-works\shu0,blaine0@adventure-works.com,156-555-0187,9E6RJtJrsu2iqMbyKMJRaVfPipCW5XObegb3KE3K85M=,hiSI26I=,803D1CD3-8C99-48F1-945B-85EDBE393AF8,2005-08-01 00:00:00.000
29719,False,Ms.,Patricia,,Doyle,,Racing Bike Outlet,adventure-works\david8,patricia0@adventure-works.com,899-555-0134,oNLvRmGCzEz1jsW8aIhOPt/9GVbikzcIYiqMuMKtrYw=,ZeNva8s=,D839E525-0420-4FF9-858F-8226EABE8C70,2006-11-01 00:00:00.000
29722,False,Mr.,Reuben,,D'sa,,Vigorous Exercise Company,adventure-works\josé1,reuben1@adventure-works.com,916-555-0137,EVeayvYSlWRfySd2RBGRSr93ST2Me+VDyAoD44WBrrg=,jj5f+ZA=,68396E18-907F-4CD5-A5F8-84D7969DAC11,2005-09-01 00:00:00.000
29727,False,Mr.,Bart,,Duncan,,Stock Parts and Supplies,adventure-works\david8,bart0@adventure-works.com,539-555-0121,NJJTfbDws96bPa7Giz9Mmq+M0NSYcjlcfwpjsUnYWdE=,MPxWTOU=,CA138A8B-0D82-45B4-92E2-4DE3A3FDC2F6,2007-08-01 00:00:00.000
29728,False,Mr.,Maciej,,Dusza,,Roadway Supplies,adventure-works\shu0,maciej1@adventure-works.com,962-555-0144,v404bp5zCcIyJO+s50eW4MbBxBjjkDQJe5ee5fvwBKI=,pDYvCjw=,E7FB711F-AC12-408A-A6F1-8AF3428DDACB,2005-11-01 00:00:00.000
29736,False,Mr.,Terry,,Eminhizer,,Action Bicycle Specialists,adventure-works\jae0,terry1@adventure-works.com,1 (11) 500 555-0176,y8RaWYkfTrcpFEipLXAyKC2pL8AJgQhpW2mOmZ8sqF4=,vx5Ko/Q=,2252470B-71F6-4077-A744-613525A2DF0D,2007-09-01 00:00:00.000
29737,False,Mr.,John,,Emory,,Roadway Bike Emporium,adventure-works\pamela0,john16@adventure-works.com,691-555-0149,EXyX+Acbgfz6Y4iZ9KNW4TsmchGMdgjtJqmn+Xu2Mws=,/4/gh8A=,31F1935F-6C9A-43D7-8308-4EE7CD05AC56,2007-07-01 00:00:00.000
29738,False,Ms.,Gail,,Erickson,,Sleek Bikes ,adventure-works\jillian0,gail1@adventure-works.com,834-555-0132,yV4p9H28cp19QO/bcSjLxZFYAs22W5SR9HnmTXUEWkM=,qUowBt4=,45670EE4-0A61-4029-BB82-CBF857D17C3F,2007-09-01 00:00:00.000
29741,False,Sra.,Janeth,,Esteves,,Central Bicycle Specialists,adventure-works\jae0,janeth1@adventure-works.com,1 (11) 500 555-0136,X1Y5qQtF/cCa0JcWV87/0KfmpSje5R9/RdWM+fyB7Go=,+iF/Sqs=,7D8C6B41-4D65-4F2C-AB91-5FCE276B5BF5,2007-09-01 00:00:00.000
29744,False,Mr.,John,,Evans,,Real Sporting Goods,adventure-works\shu0,john17@adventure-works.com,581-555-0172,zI7V47DGDDCr+5PUQzccWY8u8MazpHxzT0wB13+8m50=,Pz84Lbs=,05B8AF66-8AB7-4DEB-9A8B-55F5BE12E0CF,2006-07-01 00:00:00.000
29747,False,Ms.,Carolyn,,Farino,,The Bike Shop,adventure-works\david8,carolyn0@adventure-works.com,957-555-0125,jnz8GF/glxwiqqdUVHkoV+53Mp1HOnFR/azWzJ80Ktc=,qwoGYjU=,6DA910EF-E6F8-438D-AB3C-82725C41BC6D,2005-07-01 00:00:00.000
29753,False,Ms.,Kathie,,Flood,,Coho Sports,adventure-works\david8,kathie1@adventure-works.com,627-555-0192,UA0N5pHkC4DZZ4xHgqJohcC+5L3JnoaegTulnb1lrhA=,WGizZm8=,F9FEE375-1E4C-433F-BA88-6289A7572081,2006-08-01 00:00:00.000
29755,False,Ms.,Kelly,,Focht,,Quick Delivery Service,adventure-works\garrett1,kelly0@adventure-works.com,272-555-0123,xU8UixWEoFZ9PDzLfFA3AiuIaKPV9Z2ALf/Kbpu51Zo=,E7joL4U=,470125B0-0659-4794-A945-6F726920C983,2005-09-01 00:00:00.000
29757,False,Mr.,Garth,,Fort,,Basic Sports Equipment,adventure-works\linda3,garth0@adventure-works.com,768-555-0125,M2NMXJ5k9IJ7AKmryPzUhZqIMVsjJHs5P2voDCVEbsc=,sQuHPto=,F90748FF-6A57-4A62-80D9-BDB134E1408D,2005-08-01 00:00:00.000
29763,False,Mr.,Mihail,,Frintu,,Retail Cycle Shop,adventure-works\linda3,mihail1@adventure-works.com,777-555-0163,0drckP/Xt0FMU29UWCYFp/wxtTBNd5PxmzaxMM5VKYc=,hxyAApA=,4611605F-4D45-4DD1-80FD-B418FE4AF0BA,2006-09-01 00:00:00.000
29764,False,Mr.,John,,Ford,,Social Activities Club,adventure-works\jillian0,john19@adventure-works.com,596-555-0153,Uu7MYSoXZONPT3nnOss6MamCI0JtQpdQ0lHxfbTXg2s=,MFN+Ar8=,9EABC427-1257-4628-8BEB-88A9990A601C,2005-08-01 00:00:00.000
29766,False,Mr.,Bob,,Gage,,General Riding Supplies,adventure-works\garrett1,bob1@adventure-works.com,962-555-0175,SeCchhGjoFaNiCwjURJ30XSE9lKCbSxUL9tDtRrg1FU=,hZbeVTs=,9EFB3752-7F40-4E64-B9E2-383A6DF6AEFA,2007-02-01 00:00:00.000
29768,False,Mr.,Michael,,Galos,,Riding Excursions,adventure-works\linda3,michael15@adventure-works.com,912-555-0149,Wwwn13Huxc1/wSvPmlYH5pXoqz1XUDSzAdavDQcyTKk=,x+UpoXE=,C5614F21-602E-49E6-9021-B405BE529B46,2006-01-01 00:00:00.000
29769,False,Mr.,Jon,,Ganio,,Unique Bikes,adventure-works\jillian0,jon0@adventure-works.com,672-555-0112,bWjEPINRmvLEbxP7M/s7AJTqpJenlAkq34rNVCEXqpc=,+Yo0P+0=,8C81DD5F-EA36-47B0-A5F1-7583BC5DABC2,2005-09-01 00:00:00.000
29774,False,Mr.,Darren,,Gehring,,Journey Sporting Goods,adventure-works\jillian0,darren0@adventure-works.com,417-555-0182,kqptixZ7LqTuOKcc7ylpabWrgWr5BDXa2fpkDxEwaCY=,Xe7grug=,244B87FF-CD2F-4993-913E-685BFC4ADD83,2005-08-01 00:00:00.000
29775,False,Mr.,Jim,,Geist,,Two Bike Shops,adventure-works\pamela0,jim1@adventure-works.com,724-555-0161,cvqeC4fJcKwJ9jlluiWvK5/MyuSi8neLnjFDGdvzJy4=,ot8WcXk=,A305BDD1-9295-4F69-9D6F-44DF37B99E21,2006-09-01 00:00:00.000
29778,False,Mr.,Leo,,Giakoumakis,,Number One Bike Co.,adventure-works\jae0,leo0@adventure-works.com,1 (11) 500 555-0169,x78xcW0FvKo3V2RvMGf37bcWhb50vMZ22IuaZcu+qmM=,abrUsFg=,6ACC4810-DDDF-4202-9DAA-8261B2FFE2C6,2006-07-01 00:00:00.000
29781,False,Mr.,Guy,,Gilbert,,The Bicycle Accessories Company,adventure-works\shu0,guy0@adventure-works.com,583-555-0198,YMhZzdS3NtxXPsz/PPksfdYWIvhuoemim9KoDsx20cg=,rQoQs38=,68835187-35C9-4C57-A0CF-CB9EB2E713D7,2006-09-01 00:00:00.000
29787,False,Mr.,Scott,,Gode,,Year-Round Sports,adventure-works\david8,scott4@adventure-works.com,164-555-0145,GkzDDuB6pTaET7MyM3Kpgh+sP0JyO6EvZnbS4ep3kEg=,3CEircg=,1A5A9944-00ED-40B0-8193-1CC44ECC390A,2005-08-01 00:00:00.000
29788,False,Mr.,Mete,,Goktepe,,The New Bike Store,adventure-works\linda3,mete0@adventure-works.com,637-555-0120,cIKsu790VaU1891IzLoO2agtT2vvaOXkL3puAV90Zro=,7erbA0k=,32D1FAB8-B86B-4C09-8140-E169AF24850C,2005-12-01 00:00:00.000
29793,False,Mr.,Michael,,Graff,,Commercial Sporting Goods,adventure-works\shu0,michael16@adventure-works.com,132-555-0150,NRM1BXnt0/4EDaPuM5qday+BOZANEisKCyGGQqJxXpY=,ewV5lII=,07BEBA09-2CEB-434B-A9A5-EB864C0E88D2,2006-09-01 00:00:00.000
29794,False,Mr.,Derek,,Graham,,Wholesale Parts,adventure-works\josé1,derek0@adventure-works.com,674-555-0187,FJJVccEFyVV8NubSxOFblRtnKqQD221f9AT9xxYTOUA=,8ju6sOA=,672D41A8-2F15-474A-AD2F-934E2BDA6A4B,2005-08-01 00:00:00.000
29796,False,Mr.,Jon,,Grande,,Riding Cycles,adventure-works\jae0,jon1@adventure-works.com,1 (11) 500 555-0114,26rwIeR9oyfo+P6lodeASP/MAC2/tdKFbmFVC5uBRmA=,83inWt0=,A580DD97-441A-4CF8-9D9E-7E1EBE6CEC43,2007-09-01 00:00:00.000
29799,False,Mr.,Douglas,,Groncki,,Locks Company,adventure-works\shu0,douglas2@adventure-works.com,385-555-0140,J9nhrWh6kpc/dGBkN7HRxrrbquy1Rit9UMPv9rbYjBs=,KiAAI5M=,93813C3C-DDBD-4CEA-814D-2AEAE1483709,2007-09-01 00:00:00.000
29800,False,Mr.,Brian,,Groth,,Latest Accessories Sales,adventure-works\david8,brian5@adventure-works.com,461-555-0118,tbk7TwAC5jsqEhFRRIhnL9kPBoTy3XS+EjlReKVp5mw=,hpOsvJU=,F9C425CC-9DC8-468C-AC9D-6D7170C46CAC,2006-08-01 00:00:00.000
29807,False,Mr.,Bryan,,Hamilton,,Cross-Country Riding Supplies,adventure-works\josé1,bryan2@adventure-works.com,344-555-0144,ftRWIIT4oF+if+ddn1ROYXHw6PAooKFX3uALZ0uEU98=,IRNPDIw=,0F507872-3457-4BCC-B201-FA56CB4EAC34,2005-08-01 00:00:00.000
29809,False,Mr.,Kerim,,Hanif,,Bike World,adventure-works\shu0,kerim0@adventure-works.com,216-555-0122,d0WSjosAd7Y3XOWjNAkoTClCb50vwPuAawOSI1iosgs=,33g5co8=,D1453537-6387-4312-B6A9-6FF3688B074A,2006-09-01 00:00:00.000
29813,False,Ms.,Katherine,,Harding,,Sharp Bikes,adventure-works\josé1,katherine0@adventure-works.com,926-555-0159,uRlorVzDGNJIX9I+ehTlRK+liT4UKRgWhApJgUMC2d4=,jpHKbqE=,7FDA6311-55EB-4F2B-ADEB-050332BFAC56,2005-08-01 00:00:00.000
29815,False,Mr.,Lucy,,Harrington,,Metropolitan Sports Supply,adventure-works\shu0,lucy0@adventure-works.com,828-555-0186,KJqV15wsX3PG8TS5GSddp6LFFVdd3CoRftZM/tP0+R4=,cNFKU4w=,83810B74-5BAD-481C-9035-12CD5124F5D5,2006-09-01 00:00:00.000
29816,False,Mr.,Keith,,Harris,,Progressive Sports,adventure-works\david8,keith0@adventure-works.com,170-555-0127,YPdtRdvqeAhj6wyxEsFdshBDNXxkCXn+CRgbvJItknw=,fs1ZGhY=,E10291DA-B850-451C-9A22-DD4E1DBA22CC,2006-08-01 00:00:00.000
29818,False,Mr.,Roger,,Harui,,Brakes and Gears,adventure-works\linda3,roger0@adventure-works.com,774-555-0133,tkI9EcizphWPzkz7kDwsd2AnKnZJi3/6+V5/fIuXPpo=,sQMfTfM=,A57036D7-1E64-41DF-9FF5-DA7340A9EAC5,2005-08-01 00:00:00.000
29826,False,Mr.,John,,Hanson,,Countryside Company,adventure-works\linda3,john20@adventure-works.com,107-555-0117,2stwPzsfBnHlWJSw7+jrEjtXjaoxVkBMOVsluOUNpog=,zNDLlSI=,2C442176-E8EA-4613-A237-308E90E8A387,2006-10-01 00:00:00.000
29830,False,Mr.,Kari,,Hensien,,General Department Stores,adventure-works\garrett1,kari0@adventure-works.com,143-555-0129,9q51LeEZWFDB+L+DtlRs239EjYmK9mN+eUjUvqLToLw=,niDlQYk=,6BB1B29F-7821-4344-AD8F-6D0EA72FF6E4,2005-08-01 00:00:00.000
29832,False,Mr.,Jésus,,Hernandez,,Online Bike Warehouse,adventure-works\josé1,jésus0@adventure-works.com,214-555-0145,oQESLWRzzA7xFmx/oeIwJrVckc/0dzUxgBru6ptUjqA=,Y/Ty5LA=,B6CC3146-FFE6-49A6-9D8E-1879EF993BF4,2006-09-01 00:00:00.000
29842,False,Mr.,Mike,,Hines,,First Cycle Store,adventure-works\shu0,mike3@adventure-works.com,454-555-0160,gna2fhtLmKi5ZKr50RuPJEI5Vh/osfQgFxhjmQs0XpI=,wt1HllQ=,5D6433E4-A1A5-43EB-9056-78F234C9150E,2005-09-01 00:00:00.000
29843,False,Mr.,Matthew,,Hink,,Running and Cycling Gear,adventure-works\david8,matthew3@adventure-works.com,146-555-0176,q9I0z+PgMdt+yPOfNb1pj69QvJ3r8WuMzirXw4mW4BM=,hDyaJt4=,F2C13E63-AE28-4A72-B011-D6377449AB90,2007-09-01 00:00:00.000
29847,False,Mr.,David,,Hodgson,,Good Toys,adventure-works\linda3,david16@adventure-works.com,969-555-0117,+gtwbVycsIIj2loVtrHNRN6IBLl20lQpRK8+JhzxyEo=,AwqZdYk=,FDD7D9CB-9A81-40FC-BAF6-FACDE8DA4923,2006-09-01 00:00:00.000
29848,False,Ms.,Helge,,Hoeing,,Little Bicycle Supply Shop,adventure-works\jillian0,helge0@adventure-works.com,850-555-0198,hbXMO61Cy3vQxyCiHA7HyFryiQNgK7GAqMxsht+DVBI=,yvAO+sY=,142B9355-5D6B-4E97-9091-9459B32B1F33,2007-08-01 00:00:00.000
29850,False,Mr.,Bob,,Hodges,,All Seasons Sports Supply,adventure-works\jillian0,bob2@adventure-works.com,129-555-0120,7n1V5i5pzSERgIgX+CGs3KdSRIWCKMMppAbccjLLWQQ=,FebyYno=,2790EC9D-DA39-4AE2-9FF8-E810A3B61CD5,2007-07-01 00:00:00.000
29854,False,Mr.,Peter,,Houston,,Local Sales and Rental,adventure-works\jillian0,peter3@adventure-works.com,632-555-0171,NmON5fxy8YJbaxIrc6lSHicKQ9t/hBGfB1lwcWOr+xc=,Q5WaAeA=,08719008-3F75-4722-A65D-B179B6B1DC15,2007-09-01 00:00:00.000
29860,False,Ms.,Arlene,,Huff,,Tubeless Tire Company,adventure-works\jae0,arlene0@adventure-works.com,1 (11) 500 555-0146,V+NOGsSc50L8026bnGkDjKzDoI/ND88zeG1cDP5uO7Q=,SC/mXZQ=,F9CFD187-277B-410A-939A-3BC608987DC6,2007-08-01 00:00:00.000
29863,False,Mr.,Ryan,,Ihrig,,Efficient Cycling,adventure-works\josé1,ryan4@adventure-works.com,809-555-0152,6UfB6OlcKQXLjWHj+yl3Ck3STFhp4YRHN/aojcUvsb0=,HGudpUM=,9A89286E-FC9B-4A12-B2FE-BD1422CA061E,2007-08-01 00:00:00.000
29864,False,Ms.,Beth,,Inghram,,General Industries,adventure-works\josé1,beth0@adventure-works.com,718-555-0152,F+vY3tSf0ZDAiQakfFA7yxIP0M8ljrI5oYD1F1iZt4w=,H5fjp4Y=,7DD63C65-3017-4787-A09E-57EFCDB7A1FA,2006-09-01 00:00:00.000
29865,False,Mr.,Lucio,,Iallo,,Highway Bike Shop,adventure-works\shu0,lucio0@adventure-works.com,199-555-0135,YodKwREGttzzQZXSLkjMe6ipm+9hE2yzBmAYNlj3qKM=,7hC00f0=,319FECC0-A652-417F-AF3A-4AA99B2FF8DC,2005-08-01 00:00:00.000
29867,False,Mr.,Erik,,Ismert,,Roving Sports,adventure-works\pamela0,erik0@adventure-works.com,116-555-0163,qH31PnQBwyUFQKdjw4bJmkw4mcqJUwRlENuk3bHLNx4=,xAk6xGo=,8F805F22-745B-42AD-8130-AD8A7967B011,2006-07-01 00:00:00.000
29873,False,Ms.,Mary,,Alexander,,Certified Bicycle Supply,adventure-works\pamela0,mary7@adventure-works.com,344-555-0133,y0iroPvPC4eEspx+3ldDYTXprGyXnnCpLGd3uXHr/+A=,F1wnUPk=,26EDD45C-0D00-48FE-9E65-8DDD0F813ACD,2006-09-01 00:00:00.000
29874,False,Mr.,David,,Jaffe,,Exceptional Cycle Services,adventure-works\jae0,david17@adventure-works.com,1 (11) 500 555-0140,FGdnPYTMqac/OnHuvpZH+gBqo30RCSqFL8kFsXLMOlI=,AnSCCJw=,50C6EB16-1E62-4E5E-BD58-363288ECEAEA,2007-07-01 00:00:00.000
29877,False,Ms.,Joyce,,Jarvis,,Paints and Solvents Company,adventure-works\shu0,joyce0@adventure-works.com,458-555-0179,HdGP+FhhGf8dYBcwT4pIsPs6mdixGxg1UVN0kMtW2Jk=,XdEyqf4=,C2E1E791-19C2-4E4B-81D1-96B98537FD41,2007-09-01 00:00:00.000
29883,False,Mr.,Barry,,Johnson,,Sample Bike Store,adventure-works\linda3,barry1@adventure-works.com,858-555-0140,lepgCpcuzDRNfqPaAgUacRzPVGGXHwiRm7wwJ4cNgBs=,lkPNcdI=,7814ACA5-869E-4DF2-B7C9-61B001F90F04,2005-09-01 00:00:00.000
29884,False,Mr.,Brian,,Johnson,,Extras Sporting Goods,adventure-works\jillian0,brian6@adventure-works.com,320-555-0134,TGnRB6vDbV0LZss8tA9iu637/34mcJWkD0Ux4xaza/k=,2t9hMlk=,0BA43373-59D8-4B12-9723-60C6A2BDAF17,2007-03-01 00:00:00.000
29885,False,Mr.,David,,Johnson,,Sure & Reliable Sporting Goods,adventure-works\david8,david18@adventure-works.com,476-555-0139,tw+fIchafvuaOuwyEXmlXbPr9Vt3EILylHlmwfm6Gig=,0fgKxF4=,26C1FA1F-BF3D-40C7-BAE0-6DFD2FB3709B,2005-08-01 00:00:00.000
29889,False,Ms.,Jean,,Jordan,,Separate Parts Corporation,adventure-works\shu0,jean3@adventure-works.com,207-555-0129,Fz+NYcaaq3h6DqGHlfln+rg8Acm2x1ZGxvEayxBvctA=,RqNfsHY=,CB6B9285-24EE-4795-8A96-499A11746331,2005-07-01 00:00:00.000
29893,False,Mr.,Sandeep,,Kaliyath,,Weekend Bike Tours,adventure-works\shu0,sandeep1@adventure-works.com,495-555-0113,Rrgza3uGhmNF9StSEGpXIJ5moVVsmcjhGDjdCAPyMnc=,ekE0M9I=,4593AED0-75D0-4BCD-9AA0-8F2DF04BB8CC,2007-07-01 00:00:00.000
29895,False,Ms.,Lori,,Kane,,General Supplies,adventure-works\josé1,lori2@adventure-works.com,765-555-0141,AI+KoUdA4XQcOZdVLM5fW573x+opUHDHSXxhPuylCL4=,s0Fgpmc=,DB806B71-4B0C-472B-B77B-F72B8A10F2E5,2006-08-01 00:00:00.000
29898,False,Mr.,Sandeep,,Katyal,,Capable Sales and Service,adventure-works\pamela0,sandeep2@adventure-works.com,928-555-0117,EAI1ECvxzm9o9MbS8sPVK9QqTkerK/+KO5Wt6escxwY=,7xO2UQE=,2B2B0574-1062-4867-A352-18198B0F271A,2005-07-01 00:00:00.000
29901,False,Mr.,John,,Kelly,,Sturdy Toys,adventure-works\shu0,john22@adventure-works.com,330-555-0116,tYV64ygQjda9WaWGc8CfVwqOiTHscX15aCHq9OPvjkw=,a2bt7rI=,8CE51EE0-13B9-4A4E-9B47-3A02439089A7,2005-08-01 00:00:00.000
29902,False,Mr.,Robert,,Kelly,,Beneficial Exercises and Activities,adventure-works\jillian0,robert7@adventure-works.com,510-555-0123,JM8Jl1msELWEL8AlgkQ/cej3rlO0TFq13PfmQ/bHakM=,OLqP9tg=,723A4C7F-288A-4E05-A895-41F170C44162,2006-09-01 00:00:00.000
29903,False,Mr.,Kevin,,Kennedy,,Fad Outlet,adventure-works\pamela0,kevin4@adventure-works.com,275-555-0179,FI+QpFgzPmmfZMk6bavb0AtoPMvD4CZ/+wGuwYgso3g=,B+59kWs=,7492859B-F990-4993-96FD-861217EB4825,2006-09-01 00:00:00.000
29905,False,Ms.,Elizabeth,,Keyser,,Acceptable Sales & Service,adventure-works\josé1,elizabeth2@adventure-works.com,656-555-0173,gD2lOrxAy3p4xvTGUYnECk5ROZd03OslvHCY+XDxQwI=,/P0XMaQ=,B7428672-4B4E-4917-BBE5-80932183E7DB,2005-08-01 00:00:00.000
29906,False,Mr.,Imtiaz,,Khan,,District Mall,adventure-works\jillian0,imtiaz0@adventure-works.com,249-555-0179,NiUsCVv2EYAYfE2mK4VPPDgV7BXgOR4eQ4yVOvsOG1A=,Cdwoi3o=,FD02037F-6C68-43AE-8007-797A28CFD117,2005-08-01 00:00:00.000
29907,False,Ms.,Karan,,Khanna,,Fitness Supplies,adventure-works\pamela0,karan1@adventure-works.com,390-555-0150,KQnTVrF88pDtzAwfV+7dDpsvf4FFaBRltsryZggImmI=,jZhDom8=,274AD75A-5647-4DC9-81C9-4FB6919375DB,2007-08-01 00:00:00.000
29908,False,Mr.,Joe,,Kim,,Mail Market,adventure-works\jae0,joe1@adventure-works.com,1 (11) 500 555-0144,/1zuZO01NBBN+zaoVVHAp+srLdfFp0nBmPrSBGPulOc=,jMsXQbs=,F02107B3-5F5C-48D2-AEDB-58FC3E25C652,2007-08-01 00:00:00.000
29911,False,Mr.,Tim,,Kim,,Consolidated Messenger,adventure-works\garrett1,tim0@adventure-works.com,244-555-0115,tgMDK3qjc6HiiWHXztTrPQw/eEJWy2T9OWRLlcrhhbM=,W9zzlRs=,55A68202-60E6-4439-BFCC-8C0A69AA7EBD,2007-08-01 00:00:00.000
29913,False,Mr.,Anton,,Kirilov,,Field Trip Store,adventure-works\linda3,anton0@adventure-works.com,608-555-0162,MA3e45BYPTDfQV7Kwg+fh94UR4S5kCbr0wdRqncaG0o=,0sZGs8c=,C705B4C9-B341-4327-8635-DE0D0C879075,2006-08-01 00:00:00.000
29914,False,Mr.,Christian,,Kleinerman,,Finish and Sealant Products,adventure-works\shu0,christian1@adventure-works.com,362-555-0177,v9tjo4izinAmIevwhur1w9F/Wj0yCIj1eXG0q2dFc1s=,7uZHIds=,A4ED5B4F-19A2-4C26-A323-E952A84E6DD7,2005-09-01 00:00:00.000
29919,False,Mr.,Eugene,,Kogan,,Mountain Bike Center,adventure-works\shu0,eugene2@adventure-works.com,136-555-0134,Tp1Zre+rOA0pmlkyosHvuAxhbMWt7UcvCPrAYmXyI+w=,GdsdWsk=,5D0FA571-03D2-4614-8309-ABB42881AE6A,2006-08-01 00:00:00.000
29920,False,Mr.,Scott,,Konersmann,,Specialty Sports Store,adventure-works\jillian0,scott6@adventure-works.com,556-555-0192,2WMJfIzZjrB1xeQtjtSTUQfxxeowOV9LmAjmUkH/qP4=,A+rOrG0=,849BF03B-C4E8-4267-9B6F-D9EF87ADCF11,2006-07-01 00:00:00.000
29924,False,Mr.,Mitch,,Kennedy,,Reasonable Bicycle Sales,adventure-works\shu0,mitch0@adventure-works.com,996-555-0192,Re4KikAJLZeLX+pM2Bw7HZNkd5Yyd/vrGB7WhjbYmCo=,lGI5cA0=,E2EE9816-381F-400F-905A-59DCB42BE29B,2006-08-01 00:00:00.000
29926,False,Mr.,Deepak,,Kumar,,Outdoor Aerobic Systems Company,adventure-works\jae0,deepak0@adventure-works.com,1 (11) 500 555-0122,0d3F0pfNxXFKEufM738j3/fA0at2eUlZA8ibqRnMr7M=,6fOTb8g=,25036429-A092-4D75-BF32-4136C15C3C1A,2007-08-01 00:00:00.000
29928,False,Mr.,Vamsi,,Kuppa,,Metal Clearing House,adventure-works\josé1,vamsi1@adventure-works.com,290-555-0196,6p4SZnWdWPrBclHkaWFeooblNWE+Y4VJiuTM9hyonDI=,HaDRSbY=,3CE63665-21B9-4502-9AEC-6C7D73328850,2007-08-01 00:00:00.000
29929,False,Mr.,Jeffrey,,Kurtz,,Many Bikes Store,adventure-works\shu0,jeffrey3@adventure-works.com,452-555-0179,zn3Nk0+i/zyvxFNh3OziN2Pxa3NfiIlVMJ9Ox86ytao=,5MZXwF4=,AE0F0317-2254-4D4F-9F4D-B01BBB10B3A0,2006-09-01 00:00:00.000
29930,False,Mr.,Peter,,Kurniawan,,Largest Bike Store,adventure-works\jillian0,peter4@adventure-works.com,436-555-0160,el1s9e+hWeb+79bwrhU+hxHEyJN+j6tR8vWyKJDZmTs=,QgzjTPU=,5DEF9D3E-0485-4CBE-9EC1-E5B1F01B3003,2005-11-01 00:00:00.000
29931,False,Mr.,Eric,,Lang,,Kickstands and Accessories Company,adventure-works\pamela0,eric6@adventure-works.com,932-555-0163,katp5sn21ZqJq5Z26YRBk9XXP3iFjpsX7tNPYAAxZlI=,xw9RymE=,7A417F32-0878-45FF-A994-34ED19C5BB11,2007-09-01 00:00:00.000
29932,False,Ms.,Rebecca,,Laszlo,,Instruments and Parts Company,adventure-works\jae0,rebecca2@adventure-works.com,1 (11) 500 555-0155,ox4SPBzzVPKyCVoIcZvkdVLtnQlKoDXCciBGcqVAfrI=,n7ydrrc=,998BB200-E2AD-4E26-8266-CE8BF95CA4DE,2007-09-01 00:00:00.000
29935,False,Ms.,Elsa,,Leavitt,,Frugal Bike Shop,adventure-works\shu0,elsa0@adventure-works.com,482-555-0174,BmJaM+147GrhU00kNTtaTolp0EJcarJK/SCfew4ZiYA=,YADhpPo=,70394DAC-8CBD-4C81-8A27-B1F8B5C041E8,2006-08-01 00:00:00.000
29938,False,Mr.,Frank,,Campbell,,Trailblazing Sports,adventure-works\shu0,frank4@adventure-works.com,491-555-0132,XKb/GbNNUPKesifxpBwavz3wz5Y3jbFPJgsBIVEFvO0=,/9h1e7s=,8739BCCD-A0F4-496D-875E-46963B2F9723,2005-09-01 00:00:00.000
29939,False,Mr.,Mark,,Lee,,Racing Partners,adventure-works\josé1,mark5@adventure-works.com,371-555-0112,Lk6x4lbbepoCdlNUxLYjn6D3zCWVxEKiK2DwxCURAis=,s7z2FRc=,5BA91047-0E9F-40F1-8D9C-2A493FC9343C,2007-09-01 00:00:00.000
29941,False,Ms.,Jolie,,Lenehan,,Exhibition Showroom,adventure-works\jae0,jolie0@adventure-works.com,1 (11) 500 555-0126,qUddcyDDhMORzm2Tp3YcC3vD7dXKgTEDtTorjPbhbmk=,C2IP7to=,580D71E8-A211-4876-9C03-8EDC7D65F050,2007-07-01 00:00:00.000
29942,False,Mr.,Roger,,Lengel,,Authorized Bike Sales and Rental,adventure-works\pamela0,roger1@adventure-works.com,947-555-0143,LoVploOms9pM4zQpIHQdGFLraQGd2ZtmlhGCKz8RxZk=,1PXmt4Y=,E5CE6BE8-E780-4358-B521-8E4878B2AF04,2007-08-01 00:00:00.000
29946,False,Ms.,Linda,,Leste,,National Manufacturing,adventure-works\garrett1,linda7@adventure-works.com,493-555-0134,heRwLFQMae6Y0X7+Q7tLrq4gB5sXd8jC7uiIjXlEs6Y=,OHu+9rc=,A578DDDD-4CAC-4D51-B60B-0C2F3B11AB13,2005-08-01 00:00:00.000
29950,False,Mr.,Yale,,Li,,Rapid Bikes,adventure-works\josé1,yale0@adventure-works.com,316-555-0138,B2RR480ridZSqURXY3APlxFk13GITW6LDFutGbpSUIs=,5MEUKYU=,0631F720-A96D-4505-A07C-11A954A67F6B,2005-09-01 00:00:00.000
29952,False,Ms.,Yuhong,,Li,,Nearby Sporting Goods,adventure-works\jae0,yuhong1@adventure-works.com,1 (11) 500 555-0176,XrcuygOte7eGdTleJOKDmf/XBySqc/0xVbjpIPzMWQA=,R273GbA=,2675B45B-5DB9-4118-AD66-D09806903C25,2006-08-01 00:00:00.000
29956,False,,Jinghao,,Liu,,Chic Department Stores,adventure-works\jillian0,jinghao1@adventure-works.com,928-555-0116,IaD5AeqK9mRiIrJi/etZGVO6EiybLf/oksA2CqrpoJ0=,p6pOqKc=,8D4EFA1A-BF3A-49A8-BE7B-A53FF3E9CB52,2006-09-01 00:00:00.000
29957,False,Mr.,Kevin,,Liu,,Eastside Department Store,adventure-works\linda3,kevin5@adventure-works.com,926-555-0164,ylTpkIOHKLcjihNjS0j/k10eOHOsWQMNhlbuOCp+UTY=,TgZnUOg=,E115475E-25DA-4139-8256-934F48C8453D,2006-09-01 00:00:00.000
29971,False,Mr.,Robert,,Lyon,,Reliable Retail Center,adventure-works\garrett1,robert9@adventure-works.com,666-555-0143,4wMARaGSdJ36NMWSghaEHOvqGA6TSKb3JZJ8QlNfnok=,0JS3VLg=,B60C30F0-35AE-4892-9825-426D28DB59EA,2006-09-01 00:00:00.000
29974,False,Mr.,Scott,,MacDonald,,Yellow Bicycle Company,adventure-works\jillian0,scott7@adventure-works.com,470-555-0171,E1wwrSH3sVJUF8UlhuAF+A5UTcdr1LObJBI67CvopDA=,LqtoWXs=,14036D92-CE29-4270-9C7C-51C8B443DD30,2005-07-01 00:00:00.000
29978,False,Mr.,Ajay,,Manchepalli,,Shipping Specialists,adventure-works\jae0,ajay0@adventure-works.com,1 (11) 500 555-0174,eVyn3oU+PF4k5dUPOBDIl+7JqQhO17DiG/iJE8dPkgc=,MYqiM6w=,B6EF4AC3-0E63-4FB2-B284-E48B8CD64C73,2008-02-01 00:00:00.000
29985,False,Ms.,Linda,,Martin,,Oils and Fluids Warehouse,adventure-works\jae0,linda8@adventure-works.com,1 (11) 500 555-0137,lePksYQQH7iiujo49o5l9u2k6fs+JCFtUHkyVL8P7WM=,JYjWVqI=,6C448FEE-B174-4E20-8DE0-7FF7F7F076DE,2006-08-01 00:00:00.000
29987,False,Mr.,Frank,,Mart¡nez,,Rally Master Company Inc,adventure-works\shu0,frank5@adventure-works.com,171-555-0147,om5PZqKM1Q45cWiYPIrXl/Aae/JkbppbhDiC35ExpI8=,6YiQ2V8=,7CB529E5-6532-4BB3-B38F-971C2E820A80,2007-07-01 00:00:00.000
29988,False,Mr.,Steve,,Masters,,Professional Cyclists,adventure-works\josé1,steve2@adventure-works.com,154-555-0115,yFi3yGOATh6SBDVcA2+76Fx57aewXlckixsLIK6rBQ8=,WWk6sxA=,AD1F9AE6-49EA-45F8-8C72-9CF84183FA9B,2005-08-01 00:00:00.000
29991,False,Mr.,Chris,,Maxwell,,City Manufacturing,adventure-works\pamela0,chris6@adventure-works.com,642-555-0187,ixajZho2s3ev/ogNQ9FUe1TyfA9yX1aEVWDOy/mdUAU=,k3iiros=,EC942FE9-2F5B-4B5D-A289-A061D6C4B873,2006-11-01 00:00:00.000
30003,False,Ms.,Yvonne,,McKay,,Practical Bike Supply Company,adventure-works\jillian0,yvonne1@adventure-works.com,623-555-0144,CzoEFQ0OfYtg1bNPN/BfavRr5F/ulWLF9VIraghdmZo=,pXNy1Eg=,A6FE5230-AFE5-4633-AD8B-84176A335960,2005-09-01 00:00:00.000
30004,False,Ms.,Nkenge,,McLin,,Some Discount Store,adventure-works\pamela0,nkenge0@adventure-works.com,158-555-0123,mGggzeGp9z6TPCUrzGWt1N9gNU1CoQ+Cuu8cxh8uig4=,NNRxDmg=,927B8F21-1238-41AE-99BE-193B64D6ED39,2005-08-01 00:00:00.000
30007,False,Ms.,Raquel,,Mello,,Remote Bicycle Specialists,adventure-works\josé1,raquel0@adventure-works.com,723-555-0124,GMyxAFJL1Mwg+3iSBTMKDohFkSy5NKqGrVo0rL23S4I=,Ap+5ADc=,326589DF-6F6C-4F62-8332-554288779009,2006-09-01 00:00:00.000
30021,False,Mr.,Ben,,Miller,,Low Price Cycles,adventure-works\josé1,ben1@adventure-works.com,207-555-0167,d8+17xmtxYv0ovo+dfdJCIe7zpoChbE+X4f+gQrPU3A=,6CMCzUQ=,1E32FA7F-E67B-4C0B-A58F-182B7D9560FE,2007-08-01 00:00:00.000
30022,False,Mr.,Dylan,,Miller,,Metropolitan Manufacturing,adventure-works\shu0,dylan1@adventure-works.com,140-555-0192,kE/AZF2xtlVStSAI51sBwnA1CENgrWppF3qD5KxBdVE=,q1lJvKo=,1AA7F7B6-5A35-463C-B744-E9F8955901E3,2005-11-01 00:00:00.000
30023,False,Mr.,Frank,,Miller,,Orange Bicycle Company,adventure-works\jillian0,frank6@adventure-works.com,118-555-0184,h7ho5pw1ypORUO13IMzogsDDW1C9bUTmGWsz06Xax8E=,n/q5ims=,0EB59B8A-807F-4596-AF6B-4D73AB4D0C75,2006-08-01 00:00:00.000
30025,False,Ms.,Linda,,Mitchell,,Essential Bike Works,adventure-works\jae0,linda9@adventure-works.com,1 (11) 500 555-0182,LJhS2DW9IscOBidp+dn6JWOa8axqqpEw2XIUiUMRKVM=,hrRF3s4=,838ACD04-5B60-459C-88CC-EF5D1D696E05,2007-09-01 00:00:00.000
30030,False,Mr.,Stefano,,Stefani,,Cycling Goods,adventure-works\jae0,stefano0@adventure-works.com,1 (11) 500 555-0115,eVnhcpqYU3NKN52mFwcXw11n5pF8qfCFpZBVTo45zsY=,XSHxez4=,7F98308D-CDBC-4143-A080-1C10053E1054,2006-08-01 00:00:00.000
30031,False,Mr.,Alan,,Steiner,,Cycle Clearance,adventure-works\pamela0,alan4@adventure-works.com,792-555-0194,0ZfPkEBplSrQkVpmgzrlfblSeTpJ4CJwJu7aVWOuOSM=,FDIch68=,8979685D-B1DF-450A-A296-423F1E2B1056,2007-09-01 00:00:00.000
30032,False,Mr.,Derik,,Stenerson,,Black Bicycle Company,adventure-works\jillian0,derik0@adventure-works.com,441-555-0144,eiskTIJrt6kqa7sel16D8OBUVoPmh3ud4vMChJvsZCc=,0rK3P2k=,2C8B69DF-E0B4-41F8-964E-7B0CD40B6BC8,2007-02-01 00:00:00.000
30037,False,Mr.,Jim,,Stewart,,Famous Bike Shop,adventure-works\garrett1,jim5@adventure-works.com,226-555-0110,UhGiWqQH+ZqO4P2SIEQ4J9goCINUOyHBAttZ/+kJooA=,awRBGoA=,F1141256-0A49-42D0-AF3D-5D3E0FE6C05E,2006-09-01 00:00:00.000
30047,False,Mr.,Michael,,Sullivan,,Valley Bicycle Distributors,adventure-works\shu0,michael24@adventure-works.com,323-555-0113,zeK7weuXbh2aNM2MR5WVlOvwCXgMuHuiecTgufohN+Y=,ic4F61g=,BE9B7B8E-80AC-4DDD-A35B-4D70E3631AA2,2006-11-01 00:00:00.000
30050,False,Mr.,Krishna,,Sunkammurali,,Metropolitan Bicycle Supply,adventure-works\jae0,krishna1@adventure-works.com,1 (11) 500 555-0177,rKKXHEQ/Zb5Z596gCAMQepmJHLIzJy+BpJaz5GSv31c=,sEZH3m0=,2492E57F-C37B-4AEB-A038-C3F897111232,2006-09-01 00:00:00.000
30051,False,Mr.,Brad,,Sutton,,Honest Repair Service,adventure-works\pamela0,brad0@adventure-works.com,688-555-0115,5tnpQqGsl1FEtOjw1+pBDGRv4Cwho0BiuspfaZVuVOE=,BhyhRuI=,CBA8A194-7D3A-45DF-ADDA-4A4B6C8FCC95,2007-07-01 00:00:00.000
30055,False,Ms.,Julie,,Taft-Rider,,Bicycle Lines Distributors,adventure-works\jillian0,julie1@adventure-works.com,145-555-0194,BQF73YAE2cFDpeWDP0v7uA0/ZGhGgw1xxiMQqe74r7I=,6ZebGOE=,D075A674-CAC6-482E-BF78-5093DDBB23E7,2006-08-01 00:00:00.000
30074,False,Ms.,Yuping,,Tian,,Tenth Bike Store,adventure-works\josé1,yuping0@adventure-works.com,744-555-0123,dOvfJZgKHSk3OY2F/ZDzG76q7Vqtd3ogvi6tEW81U9E=,30pSFOQ=,55E89B26-C63C-435D-AB1A-99C96771493B,2005-08-01 00:00:00.000
30076,False,Ms.,Diane,,Tibbott,,Fun Times Club,adventure-works\shu0,diane5@adventure-works.com,847-555-0184,4G603WBKyHh8eHVBhhE9Fx0bYyHxSASUpUyJ5v5AG88=,br8PN50=,98B44E06-1ED0-47C0-8396-31AB241EE995,2005-08-01 00:00:00.000
30094,False,Mr.,Sairaj,,Uddin,,Quantity Discounts,adventure-works\linda3,sairaj1@adventure-works.com,767-555-0193,S71ozp3yMBzUJk7fj4M8SRU+dElVKuXvieJDpDOvVv8=,iKVyEt4=,091CE76C-504B-46B9-9BBC-924CDC0C7B8D,2006-08-01 00:00:00.000
30095,False,Mr.,Sunil,,Uppal,,Swift Cycles,adventure-works\jillian0,sunil0@adventure-works.com,184-555-0187,agm2RVYpEMjc+OpNxGG7gujHre5Wv8c+QcQgm6orG2I=,Yqlwc+g=,F4038305-63BC-4AAD-861C-30583BE7FDE7,2005-08-01 00:00:00.000
30102,False,Mr.,Roger,,Van Houten,,Sports Store,adventure-works\jae0,roger2@adventure-works.com,1 (11) 500 555-0110,C0yLsx6zITh7lXoIPgG1bl1t5II3nx4GYi/RaS1yB84=,WnTAc/0=,0EE7E95D-F12D-4D0D-8C6E-C64A0DDA719A,2006-12-01 00:00:00.000
30106,False,Mr.,Michael,,Vanderhyde,,Solid Bike Parts,adventure-works\jillian0,michael25@adventure-works.com,918-555-0141,/upSM1yXqGCA1vtYL9IB/NcKFrE3cg7HvqSYGTsQprM=,uXetzTc=,CA0D950A-A3FE-41C6-9B1A-125A5002DAFA,2005-09-01 00:00:00.000
